dish_id,total_calories,total_mass_g,total_fat_g,total_carb_g,total_protein_g,ingredients
dish_1560455030,20.59,103.0,0.148,4.625,0.956,"[{""name"": ""cherry tomatoes"", ""grams"": 55.0}, {""name"": ""cucumbers"", ""grams"": 29.0}, {""name"": ""baby carrots"", ""grams"": 19.0}]"
dish_1566245398,506.355377,230.0,31.183908,4.258222,49.023197,"[{""name"": ""olive oil"", ""grams"": 0.140073}, {""name"": ""lime"", ""grams"": 1.120585}, {""name"": ""salt"", ""grams"": 0.560292}, {""name"": ""garlic"", ""grams"": 1.120585}, {""name"": ""cauliflower"", ""grams"": 11.205847}, {""name"": ""steak"", ""grams"": 84.043846}, {""name"": ""roast chicken"", ""grams"": 115.0}, {""name"": ""wheat berry"", ""grams"": 16.808769}]"
dish_1551233434,27.23,104.0,0.292,5.182,2.334,"[{""name"": ""mushroom"", ""grams"": 24.0}, {""name"": ""cucumbers"", ""grams"": 27.0}, {""name"": ""broccoli"", ""grams"": 55.0}]"
dish_1568144803,66.128174,93.0,4.050533,8.068691,0.798856,"[{""name"": ""salt"", ""grams"": 0.229205}, {""name"": ""pepper"", ""grams"": 0.038201}, {""name"": ""carrot"", ""grams"": 61.12138}, {""name"": ""olive oil"", ""grams"": 0.611214}, {""name"": ""olives"", ""grams"": 31.0}]"
dish_1565728415,194.42775,80.0,8.405299,16.724396,12.005533,"[{""name"": ""cheese pizza"", ""grams"": 47.0}, {""name"": ""shallots"", ""grams"": 1.679924}, {""name"": ""spinach (cooked)"", ""grams"": 0.839962}, {""name"": ""onions"", ""grams"": 0.839962}, {""name"": ""olive oil"", ""grams"": 0.167992}, {""name"": ""vinegar"", ""grams"": 0.041998}, {""name"": ""millet"", ""grams"": 3.359847}, {""name"": ""salt"", ""grams"": 0.031499}, {""name"": ""bok choy"", ""grams"": 0.839962}, {""name"": ""beef"", ""grams"": 25.198854}]"
dish_1551236011,281.720001,307.0,4.474,21.995998,38.446003,"[{""name"": ""orange"", ""grams"": 178.0}, {""name"": ""mixed greens"", ""grams"": 12.0}, {""name"": ""chicken"", ""grams"": 118.0}]"
dish_1559841163,357.043518,335.0,18.222002,27.539,21.153002,"[{""name"": ""blackberries"", ""grams"": 53.0}, {""name"": ""scrambled eggs"", ""grams"": 119.0}, {""name"": ""yam"", ""grams"": 33.5}, {""name"": ""sweet potato"", ""grams"": 33.5}, {""name"": ""chicken apple sausage"", ""grams"": 46.0}, {""name"": ""broccoli"", ""grams"": 50.0}]"
dish_1561665024,100.570984,121.0,6.984664,8.948565,2.141329,"[{""name"": ""lemon juice"", ""grams"": 1.754594}, {""name"": ""onions"", ""grams"": 3.509188}, {""name"": ""olive oil"", ""grams"": 6.667457}, {""name"": ""mixed greens"", ""grams"": 43.864849}, {""name"": ""parsley"", ""grams"": 0.438648}, {""name"": ""salt"", ""grams"": 0.219324}, {""name"": ""apple"", ""grams"": 8.77297}, {""name"": ""millet"", ""grams"": 7.018376}, {""name"": ""green beans"", ""grams"": 47.0}, {""name"": ""vinegar"", ""grams"": 1.754594}]"
dish_1565022062,234.606583,366.0,2.846122,30.903877,19.271049,"[{""name"": ""olive oil"", ""grams"": 2.195122}, {""name"": ""egg whites"", ""grams"": 177.0}, {""name"": ""berries"", ""grams"": 99.0}, {""name"": ""sweet potato"", ""grams"": 87.804878}]"
dish_1566488928,103.048294,147.0,2.219561,19.982441,1.327024,"[{""name"": ""cantaloupe"", ""grams"": 61.0}, {""name"": ""sweet potato"", ""grams"": 83.902443}, {""name"": ""olive oil"", ""grams"": 2.097561}]"
dish_1563392128,169.934235,162.0,18.81292,6.487778,21.133221,"[{""name"": ""garlic"", ""grams"": 0.536424}, {""name"": ""cilantro"", ""grams"": 1.072848}, {""name"": ""lemon juice"", ""grams"": 2.145695}, {""name"": ""onions"", ""grams"": 4.291391}, {""name"": ""olive oil"", ""grams"": 4.291391}, {""name"": ""salt"", ""grams"": 0.268212}, {""name"": ""arugula"", ""grams"": 5.364238}, {""name"": ""quinoa"", ""grams"": 21.456953}, {""name"": ""fish"", ""grams"": 107.284767}, {""name"": ""tomatillo"", ""grams"": 10.728477}, {""name"": ""pepper"", ""grams"": 4.291391}, {""name"": ""jalapenos"", ""grams"": 0.268212}]"
dish_1561579617,130.172348,304.0,4.552824,21.115883,4.427353,"[{""name"": ""salt"", ""grams"": 1.382353}, {""name"": ""eggplant"", ""grams"": 138.235291}, {""name"": ""olive oil"", ""grams"": 1.382353}, {""name"": ""cauliflower"", ""grams"": 126.0}, {""name"": ""roasted potatoes"", ""grams"": 37.0}]"
dish_1568649387,163.858185,192.0,5.302399,28.488777,2.512788,"[{""name"": ""olive oil"", ""grams"": 4.80994}, {""name"": ""sweet potato"", ""grams"": 29.71698}, {""name"": ""broccoli"", ""grams"": 49.7561}, {""name"": ""berries"", ""grams"": 78.0}, {""name"": ""yam"", ""grams"": 29.71698}]"
dish_1565370004,570.884766,370.0,41.655426,11.23975,36.877651,"[{""name"": ""bacon"", ""grams"": 31.0}, {""name"": ""olive oil"", ""grams"": 2.575}, {""name"": ""scrambled eggs"", ""grams"": 236.0}, {""name"": ""green beans"", ""grams"": 100.425003}]"
dish_1566499633,161.386429,139.0,14.183504,8.426495,3.023964,"[{""name"": ""onions"", ""grams"": 7.351352}, {""name"": ""olive oil"", ""grams"": 9.801802}, {""name"": ""vinegar"", ""grams"": 4.900901}, {""name"": ""garlic"", ""grams"": 0.612613}, {""name"": ""salt"", ""grams"": 0.306306}, {""name"": ""sun dried tomatoes"", ""grams"": 4.900901}, {""name"": ""olives"", ""grams"": 37.0}, {""name"": ""cucumbers"", ""grams"": 12.252253}, {""name"": ""spinach (raw)"", ""grams"": 61.261261}, {""name"": ""mustard"", ""grams"": 0.612613}]"
dish_1565379251,32.936092,67.0,0.792689,6.608891,0.59528,"[{""name"": ""salt"", ""grams"": 0.247689}, {""name"": ""pepper"", ""grams"": 0.041282}, {""name"": ""olive oil"", ""grams"": 0.660505}, {""name"": ""carrot"", ""grams"": 66.050522}]"
dish_1562785132,211.542679,192.0,24.6008,10.392798,28.955555,"[{""name"": ""fish"", ""grams"": 150.293549}, {""name"": ""country rice"", ""grams"": 30.058708}, {""name"": ""onions"", ""grams"": 6.011742}, {""name"": ""olive oil"", ""grams"": 3.005871}, {""name"": ""garlic"", ""grams"": 0.751468}, {""name"": ""salt"", ""grams"": 0.375734}, {""name"": ""green onions"", ""grams"": 1.502935}]"
dish_1565895966,214.544357,287.0,9.93185,16.800755,16.543627,"[{""name"": ""bok choy"", ""grams"": 1.42539}, {""name"": ""salt"", ""grams"": 0.053452}, {""name"": ""onions"", ""grams"": 1.42539}, {""name"": ""kale"", ""grams"": 66.0}, {""name"": ""olive oil"", ""grams"": 2.760078}, {""name"": ""vinegar"", ""grams"": 0.071269}, {""name"": ""shallots"", ""grams"": 2.85078}, {""name"": ""green beans"", ""grams"": 96.525002}, {""name"": ""chard"", ""grams"": 66.0}, {""name"": ""beef"", ""grams"": 42.761692}, {""name"": ""spinach (cooked)"", ""grams"": 1.42539}, {""name"": ""millet"", ""grams"": 5.701559}]"
dish_1562784307,158.518127,157.0,5.112942,24.925295,5.678117,"[{""name"": ""salt"", ""grams"": 0.794118}, {""name"": ""pizza"", ""grams"": 32.0}, {""name"": ""olive oil"", ""grams"": 0.794118}, {""name"": ""eggplant"", ""grams"": 79.411766}, {""name"": ""corn on the cob"", ""grams"": 44.0}]"
dish_1561576295,249.067139,232.0,16.084234,23.931339,4.035298,"[{""name"": ""onions"", ""grams"": 4.170213}, {""name"": ""cucumbers"", ""grams"": 20.851065}, {""name"": ""lettuce"", ""grams"": 41.702129}, {""name"": ""bell peppers"", ""grams"": 4.170213}, {""name"": ""roasted potatoes"", ""grams"": 103.0}, {""name"": ""olives"", ""grams"": 35.170212}, {""name"": ""vinaigrette"", ""grams"": 8.340425}, {""name"": ""cherry tomatoes"", ""grams"": 10.425532}, {""name"": ""feta cheese"", ""grams"": 4.170213}]"
dish_1565726812,36.209755,65.0,1.839024,4.439024,1.521951,"[{""name"": ""broccoli"", ""grams"": 63.414635}, {""name"": ""olive oil"", ""grams"": 1.585366}]"
dish_1550860444,207.320007,231.0,5.252,32.472,8.032,"[{""name"": ""potatoes"", ""grams"": 100.0}, {""name"": ""oatmeal"", ""grams"": 128.0}, {""name"": ""bacon"", ""grams"": 8.0}]"
dish_1565811091,504.400024,371.0,17.632,9.06,74.731003,"[{""name"": ""broccoli"", ""grams"": 52.0}, {""name"": ""spinach (raw)"", ""grams"": 20.0}, {""name"": ""carrot"", ""grams"": 47.0}, {""name"": ""chicken"", ""grams"": 205.0}, {""name"": ""goat cheese"", ""grams"": 47.0}]"
dish_1561663817,95.495369,86.0,4.993594,12.891619,2.099187,"[{""name"": ""salt"", ""grams"": 0.124481}, {""name"": ""mixed greens"", ""grams"": 24.896267}, {""name"": ""olive oil"", ""grams"": 3.784232}, {""name"": ""lemon juice"", ""grams"": 0.995851}, {""name"": ""onions"", ""grams"": 1.991701}, {""name"": ""parsley"", ""grams"": 0.248963}, {""name"": ""corn on the cob"", ""grams"": 44.0}, {""name"": ""vinegar"", ""grams"": 0.995851}, {""name"": ""millet"", ""grams"": 3.983402}, {""name"": ""apple"", ""grams"": 4.979253}]"
dish_1560454488,48.244003,42.0,4.500726,1.893843,0.63549,"[{""name"": ""mixed greens"", ""grams"": 21.960785}, {""name"": ""garlic"", ""grams"": 0.411765}, {""name"": ""salt"", ""grams"": 0.137255}, {""name"": ""cucumbers"", ""grams"": 4.392157}, {""name"": ""parsley"", ""grams"": 0.27451}, {""name"": ""olive oil"", ""grams"": 4.392157}, {""name"": ""vinegar"", ""grams"": 2.196079}, {""name"": ""cherry tomatoes"", ""grams"": 5.490196}, {""name"": ""carrot"", ""grams"": 2.745098}]"
dish_1551303476,224.75,177.0,0.738,32.790001,20.697001,"[{""name"": ""shrimp"", ""grams"": 55.0}, {""name"": ""white rice"", ""grams"": 61.0}, {""name"": ""bean(seed)"", ""grams"": 65.0}]"
dish_1563479568,83.673561,82.0,5.109736,8.616775,2.329007,"[{""name"": ""goat cheese"", ""grams"": 1.082228}, {""name"": ""apple"", ""grams"": 5.41114}, {""name"": ""salt"", ""grams"": 0.2878}, {""name"": ""lemon juice"", ""grams"": 2.164456}, {""name"": ""brussels sprouts"", ""grams"": 30.504305}, {""name"": ""olive oil"", ""grams"": 4.633955}, {""name"": ""mustard greens"", ""grams"": 27.055704}, {""name"": ""arugula"", ""grams"": 5.41114}, {""name"": ""pepper"", ""grams"": 0.03813}, {""name"": ""figs"", ""grams"": 5.41114}]"
dish_1561739805,696.363525,1102.0,23.340097,101.256134,29.098999,"[{""name"": ""raspberries"", ""grams"": 2.580645}, {""name"": ""broccoli"", ""grams"": 264.0}, {""name"": ""berries"", ""grams"": 249.0}, {""name"": ""sweet potato"", ""grams"": 84.0}, {""name"": ""scrambled eggs"", ""grams"": 165.0}, {""name"": ""cantaloupe"", ""grams"": 300.0}, {""name"": ""vinaigrette"", ""grams"": 2.580645}, {""name"": ""mixed greens"", ""grams"": 25.80645}, {""name"": ""blackberries"", ""grams"": 2.580645}, {""name"": ""granola"", ""grams"": 6.451612}]"
dish_1551378719,55.630001,153.0,0.352,12.295,2.976,"[{""name"": ""asparagus"", ""grams"": 15.0}, {""name"": ""cantaloupe"", ""grams"": 80.0}, {""name"": ""brussels sprouts"", ""grams"": 59.0}]"
dish_1560442258,289.369995,185.0,16.400999,21.112,15.089001,"[{""name"": ""bacon"", ""grams"": 38.0}, {""name"": ""berries"", ""grams"": 147.0}]"
dish_1563220109,184.735962,174.0,7.398599,22.408951,8.018723,"[{""name"": ""pepperoni pizza"", ""grams"": 52.0}, {""name"": ""salt"", ""grams"": 0.281134}, {""name"": ""olive oil"", ""grams"": 0.749692}, {""name"": ""squash"", ""grams"": 74.96917}, {""name"": ""broccoli"", ""grams"": 46.0}]"
dish_1562096542,38.0896,50.0,2.763935,3.123378,0.942013,"[{""name"": ""parsley"", ""grams"": 0.166389}, {""name"": ""salt"", ""grams"": 0.041597}, {""name"": ""mixed greens"", ""grams"": 16.638935}, {""name"": ""garlic"", ""grams"": 0.166389}, {""name"": ""artichokes"", ""grams"": 2.66223}, {""name"": ""olive oil"", ""grams"": 2.66223}, {""name"": ""beets"", ""grams"": 1.331115}, {""name"": ""green beans"", ""grams"": 25.0}, {""name"": ""vinegar"", ""grams"": 1.331115}]"
dish_1562963612,184.080002,156.0,7.228,21.632,9.048,"[{""name"": ""pizza"", ""grams"": 52.0}, {""name"": ""caesar salad"", ""grams"": 104.0}]"
dish_1551236775,231.529999,175.0,11.709001,9.27,21.570999,"[{""name"": ""beef"", ""grams"": 77.0}, {""name"": ""mushroom"", ""grams"": 30.0}, {""name"": ""orange"", ""grams"": 69.0}]"
dish_1559845767,236.23201,375.0,0.481,58.011997,3.648,"[{""name"": ""pears"", ""grams"": 201.0}, {""name"": ""mandarin oranges"", ""grams"": 53.0}, {""name"": ""potatoes"", ""grams"": 121.0}]"
dish_1551381921,135.752014,96.0,1.875,28.466999,4.26,"[{""name"": ""corn"", ""grams"": 41.0}, {""name"": ""asparagus"", ""grams"": 13.0}, {""name"": ""tortilla"", ""grams"": 43.0}]"
dish_1565725244,573.546021,590.0,19.376999,28.073997,72.006996,"[{""name"": ""parmesan cheese"", ""grams"": 21.0}, {""name"": ""cherry tomatoes"", ""grams"": 67.0}, {""name"": ""chicken"", ""grams"": 187.0}, {""name"": ""bell peppers"", ""grams"": 80.0}, {""name"": ""carrot"", ""grams"": 66.0}, {""name"": ""olives"", ""grams"": 44.0}, {""name"": ""onions"", ""grams"": 56.0}, {""name"": ""caesar dressing"", ""grams"": 69.0}]"
dish_1550861124,237.369995,336.0,0.945,60.200001,2.877,"[{""name"": ""berries"", ""grams"": 161.0}, {""name"": ""pineapple"", ""grams"": 42.0}, {""name"": ""banana"", ""grams"": 140.0}]"
dish_1563378406,556.263916,189.0,26.568378,66.95768,12.408113,"[{""name"": ""olive oil"", ""grams"": 3.45283}, {""name"": ""biscuits"", ""grams"": 119.0}, {""name"": ""yam"", ""grams"": 28.773584}, {""name"": ""bacon"", ""grams"": 9.0}, {""name"": ""sweet potato"", ""grams"": 28.773584}]"
dish_1562873495,140.106995,152.0,5.601,16.172001,7.504,"[{""name"": ""caesar salad"", ""grams"": 119.0}, {""name"": ""cheese pizza"", ""grams"": 33.0}]"
dish_1565021054,263.749023,144.0,13.847,25.220001,11.447001,"[{""name"": ""tofu"", ""grams"": 71.0}, {""name"": ""waffles"", ""grams"": 73.0}]"
dish_1551567230,244.298019,108.0,20.165001,13.473,8.389999,"[{""name"": ""lemon"", ""grams"": 56.0}, {""name"": ""nuts"", ""grams"": 37.0}, {""name"": ""asparagus"", ""grams"": 17.0}]"
dish_1565974409,688.649963,228.0,50.0,5.48,51.470001,"[{""name"": ""chicken apple sausage"", ""grams"": 143.0}, {""name"": ""bacon"", ""grams"": 85.0}]"
dish_1550874756,85.919998,120.0,5.656,10.540001,8.744,"[{""name"": ""fish"", ""grams"": 41.0}, {""name"": ""tomatoes"", ""grams"": 40.0}, {""name"": ""potatoes"", ""grams"": 46.0}]"
dish_1563822663,303.099365,317.0,13.86415,24.232965,22.034336,"[{""name"": ""couscous"", ""grams"": 59.0}, {""name"": ""cauliflower"", ""grams"": 7.990256}, {""name"": ""wheat berry"", ""grams"": 11.985383}, {""name"": ""steak"", ""grams"": 59.926918}, {""name"": ""squash"", ""grams"": 29.333334}, {""name"": ""zucchini"", ""grams"": 29.333334}, {""name"": ""olive oil"", ""grams"": 0.099878}, {""name"": ""lime"", ""grams"": 0.799026}, {""name"": ""caesar salad"", ""grams"": 88.0}, {""name"": ""garlic"", ""grams"": 0.799026}, {""name"": ""broccoli"", ""grams"": 29.333334}, {""name"": ""salt"", ""grams"": 0.399513}]"
dish_1566590536,25.070757,51.0,0.60339,5.030649,0.453124,"[{""name"": ""carrot"", ""grams"": 50.277264}, {""name"": ""salt"", ""grams"": 0.18854}, {""name"": ""pepper"", ""grams"": 0.031423}, {""name"": ""olive oil"", ""grams"": 0.502773}]"
dish_1566850099,113.057968,112.0,10.687347,4.140735,1.525551,"[{""name"": ""onions"", ""grams"": 5.22449}, {""name"": ""cucumbers"", ""grams"": 13.061224}, {""name"": ""olive oil"", ""grams"": 10.44898}, {""name"": ""salt"", ""grams"": 0.653061}, {""name"": ""mixed greens"", ""grams"": 39.183674}, {""name"": ""lettuce"", ""grams"": 26.122448}, {""name"": ""lime"", ""grams"": 1.306123}, {""name"": ""cherry tomatoes"", ""grams"": 10.44898}, {""name"": ""pepper"", ""grams"": 0.326531}, {""name"": ""vinegar"", ""grams"": 5.22449}]"
dish_1565726848,102.105309,121.0,8.046616,6.780674,2.597133,"[{""name"": ""celery root"", ""grams"": 0.462046}, {""name"": ""salt"", ""grams"": 0.092409}, {""name"": ""broccoli"", ""grams"": 63.414635}, {""name"": ""mustard"", ""grams"": 0.739274}, {""name"": ""onions"", ""grams"": 5.914192}, {""name"": ""olive oil"", ""grams"": 7.499557}, {""name"": ""cranberries"", ""grams"": 2.957096}, {""name"": ""vinegar"", ""grams"": 2.957096}, {""name"": ""arugula"", ""grams"": 36.963696}]"
dish_1563984729,495.720032,321.0,33.59,7.544,38.98,"[{""name"": ""scrambled eggs"", ""grams"": 149.0}, {""name"": ""chicken apple sausage"", ""grams"": 172.0}]"
dish_1561665706,386.348969,228.0,8.67,61.510002,18.429001,"[{""name"": ""chickpeas"", ""grams"": 139.0}, {""name"": ""corn on the cob"", ""grams"": 49.0}, {""name"": ""pizza"", ""grams"": 40.0}]"
dish_1562010369,141.166443,69.0,8.450825,1.970436,13.519394,"[{""name"": ""carrot"", ""grams"": 1.674757}, {""name"": ""pepper"", ""grams"": 0.167476}, {""name"": ""olive oil"", ""grams"": 0.334951}, {""name"": ""wheat berry"", ""grams"": 6.699029}, {""name"": ""pork"", ""grams"": 50.242718}, {""name"": ""jalapenos"", ""grams"": 0.083738}, {""name"": ""mayonnaise"", ""grams"": 1.339806}, {""name"": ""lemon juice"", ""grams"": 0.669903}, {""name"": ""cabbage"", ""grams"": 6.699029}, {""name"": ""parsley"", ""grams"": 0.334951}, {""name"": ""salt"", ""grams"": 0.083738}, {""name"": ""garlic"", ""grams"": 0.669903}]"
dish_1561049373,290.75,146.0,21.950001,2.298,19.73,"[{""name"": ""scrambled eggs"", ""grams"": 127.0}, {""name"": ""bacon"", ""grams"": 19.0}]"
dish_1551378151,326.838013,136.0,27.217001,17.208,11.199,"[{""name"": ""nuts"", ""grams"": 50.0}, {""name"": ""asparagus"", ""grams"": 22.0}, {""name"": ""lemon"", ""grams"": 65.0}]"
dish_1566419546,306.436981,177.0,11.235999,37.687,13.904,"[{""name"": ""caesar salad"", ""grams"": 74.0}, {""name"": ""cheese pizza"", ""grams"": 103.0}]"
dish_1559843690,61.740002,134.0,0.342,14.05,1.751,"[{""name"": ""strawberries"", ""grams"": 77.0}, {""name"": ""potatoes"", ""grams"": 39.0}, {""name"": ""broccoli"", ""grams"": 18.0}]"
dish_1551134824,119.019997,150.0,1.113,23.689999,5.065,"[{""name"": ""potatoes"", ""grams"": 42.0}, {""name"": ""noodles"", ""grams"": 41.0}, {""name"": ""brussels sprouts"", ""grams"": 70.0}]"
dish_1551237558,226.869995,168.0,2.99,44.529999,6.951,"[{""name"": ""noodles"", ""grams"": 128.0}, {""name"": ""apple"", ""grams"": 69.0}, {""name"": ""broccoli"", ""grams"": 41.0}]"
dish_1551381321,108.100006,173.0,1.354,24.34,3.979,"[{""name"": ""tortilla"", ""grams"": 32.0}, {""name"": ""lemon"", ""grams"": 71.0}, {""name"": ""cauliflower"", ""grams"": 71.0}]"
dish_1560443537,237.639999,411.0,0.913,60.169998,2.651,"[{""name"": ""berries"", ""grams"": 204.0}, {""name"": ""pineapple"", ""grams"": 113.0}, {""name"": ""grapes"", ""grams"": 94.0}]"
dish_1567537422,109.319298,203.0,6.288338,12.18853,3.267302,"[{""name"": ""lettuce"", ""grams"": 31.063831}, {""name"": ""bell peppers"", ""grams"": 3.106383}, {""name"": ""broccoli"", ""grams"": 64.390244}, {""name"": ""olive oil"", ""grams"": 1.609756}, {""name"": ""cucumbers"", ""grams"": 15.531916}, {""name"": ""onions"", ""grams"": 3.106383}, {""name"": ""feta cheese"", ""grams"": 3.106383}, {""name"": ""cantaloupe"", ""grams"": 64.0}, {""name"": ""vinaigrette"", ""grams"": 6.212766}, {""name"": ""olives"", ""grams"": 3.106383}, {""name"": ""cherry tomatoes"", ""grams"": 7.765958}]"
dish_1562946106,578.963989,359.0,41.862,16.796,33.006001,"[{""name"": ""cantaloupe"", ""grams"": 62.0}, {""name"": ""watermelon"", ""grams"": 73.0}, {""name"": ""sausage"", ""grams"": 104.0}, {""name"": ""scrambled eggs"", ""grams"": 120.0}]"
dish_1563216659,190.057999,173.0,5.090516,4.554782,29.822712,"[{""name"": ""garlic"", ""grams"": 0.895277}, {""name"": ""cherry tomatoes"", ""grams"": 4.476386}, {""name"": ""chicken breast"", ""grams"": 89.527718}, {""name"": ""spinach (raw)"", ""grams"": 2.238193}, {""name"": ""parmesan cheese"", ""grams"": 2.238193}, {""name"": ""wheat berry"", ""grams"": 8.952772}, {""name"": ""squash"", ""grams"": 63.131935}, {""name"": ""olive oil"", ""grams"": 0.967048}, {""name"": ""thyme"", ""grams"": 0.223819}, {""name"": ""salt"", ""grams"": 0.348654}]"
dish_1565203094,898.019653,485.0,27.678381,37.98381,116.735558,"[{""name"": ""rosemary"", ""grams"": 0.42679}, {""name"": ""parsley"", ""grams"": 0.42679}, {""name"": ""garlic"", ""grams"": 1.70716}, {""name"": ""chicken"", ""grams"": 341.431946}, {""name"": ""pizza"", ""grams"": 88.0}, {""name"": ""salt"", ""grams"": 1.70716}, {""name"": ""chive"", ""grams"": 0.42679}, {""name"": ""lemon juice"", ""grams"": 1.28037}, {""name"": ""chard"", ""grams"": 8.535799}, {""name"": ""basil"", ""grams"": 0.42679}, {""name"": ""olive oil"", ""grams"": 6.487207}, {""name"": ""brown rice"", ""grams"": 34.143196}]"
dish_1560368162,41.639214,178.0,0.927059,7.774373,2.394216,"[{""name"": ""olive oil"", ""grams"": 0.539216}, {""name"": ""cherry tomatoes"", ""grams"": 89.0}, {""name"": ""mushroom"", ""grams"": 34.0}, {""name"": ""salt"", ""grams"": 0.539216}, {""name"": ""eggplant"", ""grams"": 53.92157}]"
dish_1562687554,409.334595,281.0,23.747805,42.104256,9.005127,"[{""name"": ""berries"", ""grams"": 80.0}, {""name"": ""salt"", ""grams"": 0.369697}, {""name"": ""mustard"", ""grams"": 0.739394}, {""name"": ""cucumbers"", ""grams"": 14.787879}, {""name"": ""olive oil"", ""grams"": 11.830302}, {""name"": ""waffles"", ""grams"": 71.0}, {""name"": ""chicken apple sausage"", ""grams"": 14.0}, {""name"": ""vinegar"", ""grams"": 5.915151}, {""name"": ""honeydew melons"", ""grams"": 55.0}, {""name"": ""radishes"", ""grams"": 11.830302}, {""name"": ""garlic"", ""grams"": 0.739394}, {""name"": ""bell peppers"", ""grams"": 14.787879}]"
dish_1550792365,74.440002,175.0,0.362,18.219999,1.855,"[{""name"": ""bell peppers"", ""grams"": 56.0}, {""name"": ""apple"", ""grams"": 53.0}, {""name"": ""cantaloupe"", ""grams"": 72.0}]"
dish_1567022251,111.910004,254.0,4.126,18.481001,2.959,"[{""name"": ""onions"", ""grams"": 57.0}, {""name"": ""cherry tomatoes"", ""grams"": 74.0}, {""name"": ""olives"", ""grams"": 35.0}, {""name"": ""carrot"", ""grams"": 34.0}, {""name"": ""bell peppers"", ""grams"": 54.0}]"
dish_1551564456,102.800003,140.0,6.094,13.247999,1.204,"[{""name"": ""carrot"", ""grams"": 18.0}, {""name"": ""orange"", ""grams"": 66.0}, {""name"": ""olives"", ""grams"": 56.0}]"
dish_1563302345,265.855438,215.0,7.567317,5.092874,43.001171,"[{""name"": ""wheat berry"", ""grams"": 13.001871}, {""name"": ""parsley"", ""grams"": 1.300187}, {""name"": ""spinach (raw)"", ""grams"": 3.250468}, {""name"": ""mushroom"", ""grams"": 63.0}, {""name"": ""chicken"", ""grams"": 130.018707}, {""name"": ""shallots"", ""grams"": 0.040631}, {""name"": ""garlic"", ""grams"": 0.650094}, {""name"": ""salt"", ""grams"": 0.162523}, {""name"": ""olive oil"", ""grams"": 2.600374}, {""name"": ""thyme"", ""grams"": 0.325047}, {""name"": ""lemon juice"", ""grams"": 0.650094}]"
dish_1551395766,90.68,118.0,0.212,20.57,1.964,"[{""name"": ""asparagus"", ""grams"": 20.0}, {""name"": ""pineapple"", ""grams"": 51.0}, {""name"": ""white rice"", ""grams"": 47.0}]"
dish_1551389218,135.804001,108.0,10.511,3.913,7.322,"[{""name"": ""avocado"", ""grams"": 23.0}, {""name"": ""asparagus"", ""grams"": 21.0}, {""name"": ""scrambled eggs"", ""grams"": 64.0}]"
dish_1558458584,351.181,142.0,25.455,25.941,12.369,"[{""name"": ""spinach (raw)"", ""grams"": 14.0}, {""name"": ""grapes"", ""grams"": 77.0}, {""name"": ""almonds"", ""grams"": 51.0}]"
dish_1558639012,257.436005,490.0,2.237,63.264,4.685,"[{""name"": ""cherry tomatoes"", ""grams"": 126.0}, {""name"": ""corn on the cob"", ""grams"": 56.0}, {""name"": ""cauliflower"", ""grams"": 25.0}, {""name"": ""apple"", ""grams"": 154.0}, {""name"": ""grapes"", ""grams"": 129.0}]"
dish_1551375443,99.169998,177.0,0.451,14.42,10.649,"[{""name"": ""cantaloupe"", ""grams"": 83.0}, {""name"": ""shrimp"", ""grams"": 40.0}, {""name"": ""berries"", ""grams"": 55.0}]"
dish_1561492519,271.320007,206.0,2.954,52.377998,11.528,"[{""name"": ""banana with peel"", ""grams"": 124.0}, {""name"": ""wheat bread"", ""grams"": 82.0}]"
dish_1560368019,436.965942,301.0,21.659855,49.96254,26.125687,"[{""name"": ""pizza"", ""grams"": 125.0}, {""name"": ""salt"", ""grams"": 0.595814}, {""name"": ""green onions"", ""grams"": 0.540117}, {""name"": ""onions"", ""grams"": 2.16047}, {""name"": ""olive oil"", ""grams"": 1.541019}, {""name"": ""country rice"", ""grams"": 10.802348}, {""name"": ""eggplant"", ""grams"": 46.07843}, {""name"": ""spinach (raw)"", ""grams"": 27.0}, {""name"": ""fish"", ""grams"": 54.011742}, {""name"": ""asparagus"", ""grams"": 33.0}, {""name"": ""garlic"", ""grams"": 0.270059}]"
dish_1551228438,90.619995,153.0,0.776,20.779999,1.852,"[{""name"": ""noodles"", ""grams"": 28.0}, {""name"": ""cucumbers"", ""grams"": 31.0}, {""name"": ""apple"", ""grams"": 94.0}]"
dish_1566923004,158.820007,153.0,9.309,10.313999,8.745001,"[{""name"": ""scrambled eggs"", ""grams"": 84.0}, {""name"": ""pineapple"", ""grams"": 69.0}]"
dish_1562169762,262.330139,210.0,18.239729,6.993764,17.674047,"[{""name"": ""scrambled eggs"", ""grams"": 160.0}, {""name"": ""salt"", ""grams"": 0.246002}, {""name"": ""brussels sprouts"", ""grams"": 49.200493}, {""name"": ""olive oil"", ""grams"": 0.492005}, {""name"": ""pepper"", ""grams"": 0.061501}]"
dish_1562168696,95.114838,141.0,2.474677,18.134903,1.705,"[{""name"": ""raspberries"", ""grams"": 2.064516}, {""name"": ""vinaigrette"", ""grams"": 2.064516}, {""name"": ""berries"", ""grams"": 68.0}, {""name"": ""granola"", ""grams"": 5.16129}, {""name"": ""blackberries"", ""grams"": 2.064516}, {""name"": ""mixed greens"", ""grams"": 20.645161}, {""name"": ""honeydew melons"", ""grams"": 41.0}]"
dish_1561576483,209.595428,371.0,8.536117,17.269756,18.4142,"[{""name"": ""vinegar"", ""grams"": 0.080178}, {""name"": ""bok choy"", ""grams"": 1.603564}, {""name"": ""millet"", ""grams"": 6.414254}, {""name"": ""cauliflower"", ""grams"": 308.0}, {""name"": ""beef"", ""grams"": 48.106903}, {""name"": ""salt"", ""grams"": 0.060134}, {""name"": ""shallots"", ""grams"": 3.207127}, {""name"": ""spinach (cooked)"", ""grams"": 1.603564}, {""name"": ""olive oil"", ""grams"": 0.320713}, {""name"": ""onions"", ""grams"": 1.603564}]"
dish_1561049409,317.779999,197.0,22.307001,8.418,20.341999,"[{""name"": ""bacon"", ""grams"": 19.0}, {""name"": ""scrambled eggs"", ""grams"": 127.0}, {""name"": ""raspberries"", ""grams"": 51.0}]"
dish_1551565909,97.769997,178.0,4.593,17.257,1.676,"[{""name"": ""lemon"", ""grams"": 96.0}, {""name"": ""berries"", ""grams"": 44.0}, {""name"": ""olives"", ""grams"": 39.0}]"
dish_1563305722,434.658997,405.0,12.195141,9.579062,69.960106,"[{""name"": ""garlic"", ""grams"": 1.043571}, {""name"": ""shallots"", ""grams"": 0.065223}, {""name"": ""mushroom"", ""grams"": 117.0}, {""name"": ""spinach (raw)"", ""grams"": 5.217856}, {""name"": ""wheat berry"", ""grams"": 20.871426}, {""name"": ""thyme"", ""grams"": 0.521786}, {""name"": ""lemon juice"", ""grams"": 1.043571}, {""name"": ""cucumbers"", ""grams"": 44.0}, {""name"": ""olive oil"", ""grams"": 4.174285}, {""name"": ""parsley"", ""grams"": 2.087142}, {""name"": ""salt"", ""grams"": 0.260893}, {""name"": ""chicken"", ""grams"": 208.714249}]"
dish_1551141747,134.779999,148.0,8.978,15.190001,14.114,"[{""name"": ""fish"", ""grams"": 61.0}, {""name"": ""noodles"", ""grams"": 46.0}, {""name"": ""bell peppers"", ""grams"": 41.0}]"
dish_1563563264,322.001984,163.0,22.523001,2.767,27.681999,"[{""name"": ""olives"", ""grams"": 42.0}, {""name"": ""grilled chicken"", ""grams"": 121.0}]"
dish_1550796794,68.729996,153.0,0.279,17.559999,0.991,"[{""name"": ""apple"", ""grams"": 60.0}, {""name"": ""cantaloupe"", ""grams"": 62.0}, {""name"": ""orange"", ""grams"": 35.0}]"
dish_1563389114,86.534439,148.0,4.405479,11.310716,2.577627,"[{""name"": ""salt"", ""grams"": 0.359836}, {""name"": ""carrot"", ""grams"": 61.12138}, {""name"": ""broccoli"", ""grams"": 57.0}, {""name"": ""pecans"", ""grams"": 0.696697}, {""name"": ""mustard"", ""grams"": 0.217718}, {""name"": ""olive oil"", ""grams"": 3.398001}, {""name"": ""blueberries"", ""grams"": 1.393393}, {""name"": ""chard"", ""grams"": 3.483484}, {""name"": ""arugula"", ""grams"": 19.507507}, {""name"": ""vinegar"", ""grams"": 0.653153}, {""name"": ""pepper"", ""grams"": 0.038201}, {""name"": ""garlic"", ""grams"": 0.130631}]"
dish_1551124407,141.350006,166.0,7.693,9.824,10.034,"[{""name"": ""brussels sprouts"", ""grams"": 89.0}, {""name"": ""scrambled eggs"", ""grams"": 67.0}, {""name"": ""mixed greens"", ""grams"": 14.0}]"
dish_1562788732,57.292805,52.0,6.662716,2.814716,7.842129,"[{""name"": ""fish"", ""grams"": 40.704502}, {""name"": ""country rice"", ""grams"": 8.1409}, {""name"": ""onions"", ""grams"": 1.62818}, {""name"": ""olive oil"", ""grams"": 0.81409}, {""name"": ""garlic"", ""grams"": 0.203523}, {""name"": ""salt"", ""grams"": 0.101761}, {""name"": ""green onions"", ""grams"": 0.407045}]"
dish_1560961261,192.519989,218.0,11.830999,10.294001,12.031,"[{""name"": ""broccoli"", ""grams"": 49.0}, {""name"": ""strawberries"", ""grams"": 65.0}, {""name"": ""scrambled eggs"", ""grams"": 104.0}]"
dish_1566501012,132.87999,160.0,10.555,10.811,1.843,"[{""name"": ""olives"", ""grams"": 97.0}, {""name"": ""spinach (raw)"", ""grams"": 25.0}, {""name"": ""carrot"", ""grams"": 38.0}]"
dish_1567023296,107.181221,92.0,9.341188,4.171472,2.684054,"[{""name"": ""greek salad"", ""grams"": 64.0}, {""name"": ""garlic"", ""grams"": 0.126126}, {""name"": ""salt"", ""grams"": 0.126126}, {""name"": ""mustard"", ""grams"": 0.21021}, {""name"": ""pecans"", ""grams"": 0.672673}, {""name"": ""olive oil"", ""grams"": 2.690691}, {""name"": ""blueberries"", ""grams"": 1.345345}, {""name"": ""chard"", ""grams"": 3.363364}, {""name"": ""arugula"", ""grams"": 18.834835}, {""name"": ""vinegar"", ""grams"": 0.630631}]"
dish_1551124723,166.580002,129.0,8.889,12.724,8.801,"[{""name"": ""potatoes"", ""grams"": 48.0}, {""name"": ""bacon"", ""grams"": 20.0}, {""name"": ""tomatoes"", ""grams"": 63.0}]"
dish_1565194752,322.893646,510.0,3.975512,25.826488,39.087803,"[{""name"": ""sweet potato"", ""grams"": 128.780487}, {""name"": ""egg whites"", ""grams"": 378.0}, {""name"": ""olive oil"", ""grams"": 3.219512}]"
dish_1560443607,380.799988,706.0,1.439,67.547005,26.071001,"[{""name"": ""grapes"", ""grams"": 94.0}, {""name"": ""honeydew melons"", ""grams"": 64.0}, {""name"": ""egg whites"", ""grams"": 231.0}, {""name"": ""berries"", ""grams"": 204.0}, {""name"": ""pineapple"", ""grams"": 113.0}]"
dish_1561574974,50.130196,152.0,1.788235,8.792157,1.490196,"[{""name"": ""eggplant"", ""grams"": 149.019608}, {""name"": ""olive oil"", ""grams"": 1.490196}, {""name"": ""salt"", ""grams"": 1.490196}]"
dish_1558630649,190.009995,355.0,0.71,49.419998,2.005,"[{""name"": ""cantaloupe"", ""grams"": 88.0}, {""name"": ""grapes"", ""grams"": 125.0}, {""name"": ""apple"", ""grams"": 142.0}]"
dish_1563393244,57.550003,280.0,0.519667,11.570667,3.229667,"[{""name"": ""broccoli"", ""grams"": 39.333336}, {""name"": ""cucumbers"", ""grams"": 75.0}, {""name"": ""onions"", ""grams"": 35.0}, {""name"": ""squash"", ""grams"": 39.333336}, {""name"": ""radishes"", ""grams"": 52.0}, {""name"": ""zucchini"", ""grams"": 39.333336}]"
dish_1561393619,234.040009,284.0,7.892,21.104,20.116001,"[{""name"": ""cottage cheese"", ""grams"": 176.0}, {""name"": ""berries"", ""grams"": 108.0}]"
dish_1566246513,436.955017,265.0,17.884998,4.43,61.169998,"[{""name"": ""feta cheese"", ""grams"": 55.0}, {""name"": ""mixed greens"", ""grams"": 40.0}, {""name"": ""chicken"", ""grams"": 170.0}]"
dish_1562097624,77.586021,68.0,2.31068,12.609709,2.772815,"[{""name"": ""wheat berry"", ""grams"": 66.019417}, {""name"": ""olive oil"", ""grams"": 1.980583}]"
dish_1565986702,211.343994,204.0,24.373022,6.954482,27.831074,"[{""name"": ""lemon juice"", ""grams"": 2.843206}, {""name"": ""wheat berry"", ""grams"": 28.432056}, {""name"": ""parsley"", ""grams"": 1.421603}, {""name"": ""cherry tomatoes"", ""grams"": 5.686411}, {""name"": ""fish"", ""grams"": 142.160278}, {""name"": ""salt"", ""grams"": 0.355401}, {""name"": ""garlic"", ""grams"": 1.421603}, {""name"": ""shallots"", ""grams"": 2.843206}, {""name"": ""chive"", ""grams"": 0.355401}, {""name"": ""olive oil"", ""grams"": 5.686411}, {""name"": ""chard"", ""grams"": 12.794426}]"
dish_1551125384,53.400002,142.0,0.72,10.872,2.868,"[{""name"": ""tomatoes"", ""grams"": 68.0}, {""name"": ""mixed greens"", ""grams"": 16.0}, {""name"": ""brussels sprouts"", ""grams"": 60.0}]"
dish_1566587958,398.49588,224.0,20.217819,8.818713,41.598316,"[{""name"": ""brown rice"", ""grams"": 33.63995}, {""name"": ""arugula"", ""grams"": 6.727989}, {""name"": ""salt"", ""grams"": 0.420499}, {""name"": ""pepper"", ""grams"": 8.409987}, {""name"": ""thyme"", ""grams"": 0.21025}, {""name"": ""salmon"", ""grams"": 168.199738}, {""name"": ""olive oil"", ""grams"": 6.39159}]"
dish_1558719514,433.285004,430.0,24.713001,49.695995,14.859,"[{""name"": ""almonds"", ""grams"": 46.0}, {""name"": ""apple"", ""grams"": 142.0}, {""name"": ""corn on the cob"", ""grams"": 49.0}, {""name"": ""cherry tomatoes"", ""grams"": 96.0}, {""name"": ""cauliflower"", ""grams"": 97.0}]"
dish_1566332116,153.550003,275.0,12.244,11.356,3.761,"[{""name"": ""olives"", ""grams"": 112.0}, {""name"": ""spinach (raw)"", ""grams"": 65.0}, {""name"": ""cucumbers"", ""grams"": 98.0}]"
dish_1561392570,149.804916,187.0,9.080466,16.931465,2.5906,"[{""name"": ""bell peppers"", ""grams"": 10.666667}, {""name"": ""mustard"", ""grams"": 0.533333}, {""name"": ""salt"", ""grams"": 0.266667}, {""name"": ""berries"", ""grams"": 75.0}, {""name"": ""cucumbers"", ""grams"": 10.666667}, {""name"": ""garlic"", ""grams"": 0.533333}, {""name"": ""olive oil"", ""grams"": 8.533333}, {""name"": ""broccoli"", ""grams"": 68.0}, {""name"": ""vinegar"", ""grams"": 4.266666}, {""name"": ""radishes"", ""grams"": 8.533333}]"
dish_1551222791,75.970001,104.0,0.749,16.02,3.554,"[{""name"": ""tortilla"", ""grams"": 18.0}, {""name"": ""brussels sprouts"", ""grams"": 51.0}, {""name"": ""bell peppers"", ""grams"": 37.0}]"
dish_1561749818,340.027893,395.0,15.126814,16.991819,33.491497,"[{""name"": ""brown rice"", ""grams"": 24.328892}, {""name"": ""arugula"", ""grams"": 4.865778}, {""name"": ""salmon"", ""grams"": 121.644455}, {""name"": ""cherry tomatoes"", ""grams"": 66.0}, {""name"": ""pepper"", ""grams"": 6.082223}, {""name"": ""salt"", ""grams"": 0.304111}, {""name"": ""broccoli"", ""grams"": 87.0}, {""name"": ""radishes"", ""grams"": 25.0}, {""name"": ""olive oil"", ""grams"": 4.622489}, {""name"": ""thyme"", ""grams"": 0.152056}, {""name"": ""cucumbers"", ""grams"": 55.0}]"
dish_1561404438,366.069214,169.0,23.856789,6.257735,32.327785,"[{""name"": ""wheat berry"", ""grams"": 24.701582}, {""name"": ""cauliflower"", ""grams"": 16.467722}, {""name"": ""garlic"", ""grams"": 1.646772}, {""name"": ""olive oil"", ""grams"": 0.205847}, {""name"": ""salt"", ""grams"": 0.823386}, {""name"": ""steak"", ""grams"": 123.507912}, {""name"": ""lime"", ""grams"": 1.646772}]"
dish_1551399449,275.180023,92.0,18.17,25.939999,6.84,"[{""name"": ""nuts"", ""grams"": 18.0}, {""name"": ""corn"", ""grams"": 50.0}, {""name"": ""potato chips"", ""grams"": 22.0}]"
dish_1568319725,111.637299,59.0,11.509647,2.241285,0.581418,"[{""name"": ""olive oil"", ""grams"": 11.442424}, {""name"": ""mustard"", ""grams"": 0.715151}, {""name"": ""cucumbers"", ""grams"": 14.303031}, {""name"": ""salt"", ""grams"": 0.357576}, {""name"": ""garlic"", ""grams"": 0.715151}, {""name"": ""bell peppers"", ""grams"": 14.303031}, {""name"": ""radishes"", ""grams"": 11.442424}, {""name"": ""vinegar"", ""grams"": 5.721212}]"
dish_1566230377,433.749969,772.0,4.375,42.874001,49.589005,"[{""name"": ""egg whites"", ""grams"": 462.0}, {""name"": ""berries"", ""grams"": 77.0}, {""name"": ""salsa"", ""grams"": 110.0}, {""name"": ""sweet potato"", ""grams"": 120.0}, {""name"": ""olive oil"", ""grams"": 3.0}]"
dish_1550712622,245.62001,148.0,19.544001,13.5,8.87,"[{""name"": ""nuts"", ""grams"": 36.0}, {""name"": ""bell peppers"", ""grams"": 52.0}, {""name"": ""cucumbers"", ""grams"": 63.0}]"
dish_1560454513,54.444004,62.0,4.520726,3.293843,0.99549,"[{""name"": ""garlic"", ""grams"": 0.411765}, {""name"": ""olive oil"", ""grams"": 4.392157}, {""name"": ""cucumbers"", ""grams"": 4.392157}, {""name"": ""mixed greens"", ""grams"": 21.960785}, {""name"": ""carrot"", ""grams"": 2.745098}, {""name"": ""green beans"", ""grams"": 20.0}, {""name"": ""salt"", ""grams"": 0.137255}, {""name"": ""cherry tomatoes"", ""grams"": 5.490196}, {""name"": ""parsley"", ""grams"": 0.27451}, {""name"": ""vinegar"", ""grams"": 2.196079}]"
dish_1558029923,279.550995,200.0,9.596,38.301998,10.452001,"[{""name"": ""bacon"", ""grams"": 22.0}, {""name"": ""yam"", ""grams"": 111.0}, {""name"": ""cantaloupe"", ""grams"": 67.0}]"
dish_1551139576,59.099998,150.0,0.362,13.14,3.088,"[{""name"": ""cantaloupe"", ""grams"": 63.0}, {""name"": ""brussels sprouts"", ""grams"": 56.0}, {""name"": ""bell peppers"", ""grams"": 34.0}]"
dish_1564427455,354.26004,218.0,23.956001,4.212,31.222,"[{""name"": ""grilled chicken"", ""grams"": 135.0}, {""name"": ""olives"", ""grams"": 35.0}, {""name"": ""cherry tomatoes"", ""grams"": 48.0}]"
dish_1559844063,139.810013,277.0,0.431,36.559998,1.339,"[{""name"": ""strawberries"", ""grams"": 77.0}, {""name"": ""pears"", ""grams"": 200.0}]"
dish_1562009894,244.80722,200.0,12.012504,29.885567,5.628496,"[{""name"": ""goat cheese"", ""grams"": 8.032743}, {""name"": ""olives"", ""grams"": 10.040928}, {""name"": ""garlic"", ""grams"": 0.502046}, {""name"": ""vinegar"", ""grams"": 4.016371}, {""name"": ""brown rice"", ""grams"": 108.0}, {""name"": ""olive oil"", ""grams"": 8.032743}, {""name"": ""mustard"", ""grams"": 1.004093}, {""name"": ""salt"", ""grams"": 0.125512}, {""name"": ""pears"", ""grams"": 10.040928}, {""name"": ""mixed greens"", ""grams"": 50.204636}]"
dish_1563464627,310.5,115.0,9.2,46.345001,10.718,"[{""name"": ""cream cheese"", ""grams"": 23.0}, {""name"": ""bagels"", ""grams"": 92.0}]"
dish_1566413419,285.830017,280.0,11.570001,11.296,36.287003,"[{""name"": ""chicken"", ""grams"": 103.0}, {""name"": ""avocado"", ""grams"": 49.0}, {""name"": ""spinach (raw)"", ""grams"": 61.0}, {""name"": ""broccoli"", ""grams"": 67.0}]"
dish_1561654732,242.360001,191.0,14.85,12.24,14.06,"[{""name"": ""sweet potato"", ""grams"": 56.0}, {""name"": ""scrambled eggs"", ""grams"": 135.0}]"
dish_1563813360,268.48291,163.0,16.533194,15.21166,15.767277,"[{""name"": ""salt"", ""grams"": 0.186962}, {""name"": ""pepper"", ""grams"": 0.04674}, {""name"": ""brussels sprouts"", ""grams"": 37.392376}, {""name"": ""olive oil"", ""grams"": 0.373924}, {""name"": ""bacon"", ""grams"": 38.0}, {""name"": ""pineapple"", ""grams"": 87.0}]"
dish_1560356627,980.047974,301.0,75.973999,6.92,63.124001,"[{""name"": ""scrambled eggs"", ""grams"": 121.0}, {""name"": ""bacon"", ""grams"": 92.0}, {""name"": ""sausage"", ""grams"": 88.0}]"
dish_1565118096,656.429932,588.0,13.032,49.997002,82.443001,"[{""name"": ""chicken breast"", ""grams"": 133.0}, {""name"": ""tuna"", ""grams"": 102.0}, {""name"": ""cheese pizza"", ""grams"": 76.0}, {""name"": ""cherry tomatoes"", ""grams"": 73.0}, {""name"": ""bell peppers"", ""grams"": 69.0}, {""name"": ""carrot"", ""grams"": 69.0}, {""name"": ""pineapple"", ""grams"": 66.0}]"
dish_1551306339,209.309998,106.0,8.570999,23.296001,9.622,"[{""name"": ""corn"", ""grams"": 27.0}, {""name"": ""white rice"", ""grams"": 62.0}, {""name"": ""bacon"", ""grams"": 19.0}]"
dish_1560366998,39.600002,131.0,0.173,9.648001,0.823,"[{""name"": ""honeydew melons"", ""grams"": 89.0}, {""name"": ""cherry tomatoes"", ""grams"": 42.0}]"
dish_1566242234,289.309998,363.0,5.446,15.791,43.513992,"[{""name"": ""carrot"", ""grams"": 59.0}, {""name"": ""tuna"", ""grams"": 143.0}, {""name"": ""onions"", ""grams"": 52.0}, {""name"": ""cherry tomatoes"", ""grams"": 69.0}, {""name"": ""olives"", ""grams"": 40.0}]"
dish_1551375252,109.209991,218.0,0.479,26.48,3.007,"[{""name"": ""brussels sprouts"", ""grams"": 48.0}, {""name"": ""orange"", ""grams"": 89.0}, {""name"": ""berries"", ""grams"": 82.0}]"
dish_1551389551,2400.780029,133.0,27.552002,732.300049,90.181999,"[{""name"": ""corn"", ""grams"": 62.0}, {""name"": ""lemon"", ""grams"": 7974.0}, {""name"": ""avocado"", ""grams"": 18.0}]"
dish_1566931548,154.980011,253.0,10.385001,15.525999,4.434,"[{""name"": ""mixed greens"", ""grams"": 91.0}, {""name"": ""olives"", ""grams"": 91.0}, {""name"": ""broccoli"", ""grams"": 71.0}]"
dish_1562094694,134.596008,142.0,11.607294,7.249883,2.246118,"[{""name"": ""green beans"", ""grams"": 34.0}, {""name"": ""vinegar"", ""grams"": 5.647059}, {""name"": ""cherry tomatoes"", ""grams"": 14.117648}, {""name"": ""mixed greens"", ""grams"": 56.470592}, {""name"": ""carrot"", ""grams"": 7.058824}, {""name"": ""garlic"", ""grams"": 1.058824}, {""name"": ""salt"", ""grams"": 0.352941}, {""name"": ""parsley"", ""grams"": 0.705882}, {""name"": ""olive oil"", ""grams"": 11.294118}, {""name"": ""cucumbers"", ""grams"": 11.294118}]"
dish_1561737776,375.299988,139.0,11.120001,56.017002,12.954802,"[{""name"": ""bagels"", ""grams"": 111.200005}, {""name"": ""cream cheese"", ""grams"": 27.800001}]"
dish_1561739719,350.163513,637.0,4.590097,74.616135,10.199,"[{""name"": ""sweet potato"", ""grams"": 84.0}, {""name"": ""broccoli"", ""grams"": 264.0}, {""name"": ""raspberries"", ""grams"": 2.580645}, {""name"": ""berries"", ""grams"": 249.0}, {""name"": ""mixed greens"", ""grams"": 25.80645}, {""name"": ""blackberries"", ""grams"": 2.580645}, {""name"": ""granola"", ""grams"": 6.451612}, {""name"": ""vinaigrette"", ""grams"": 2.580645}]"
dish_1562173411,638.257996,159.0,50.168999,5.39,38.829002,"[{""name"": ""bacon"", ""grams"": 46.0}, {""name"": ""sausage"", ""grams"": 113.0}]"
dish_1560455000,12.800001,84.0,0.11,2.725,0.785,"[{""name"": ""cherry tomatoes"", ""grams"": 55.0}, {""name"": ""cucumbers"", ""grams"": 29.0}]"
dish_1551135415,288.27002,200.0,13.785,34.935001,9.41,"[{""name"": ""avocado"", ""grams"": 73.0}, {""name"": ""bread"", ""grams"": 55.0}, {""name"": ""tomatoes"", ""grams"": 75.0}]"
dish_1550781347,94.629997,182.0,0.646,20.094,3.393,"[{""name"": ""potatoes"", ""grams"": 73.0}, {""name"": ""broccoli"", ""grams"": 68.0}, {""name"": ""tomatoes"", ""grams"": 43.0}]"
dish_1563477659,26.551344,52.0,0.665319,4.611115,1.741009,"[{""name"": ""salt"", ""grams"": 0.255843}, {""name"": ""pepper"", ""grams"": 0.063961}, {""name"": ""brussels sprouts"", ""grams"": 51.168514}, {""name"": ""olive oil"", ""grams"": 0.511685}]"
dish_1561739265,292.040009,308.0,9.989,41.127003,10.689,"[{""name"": ""sweet potato"", ""grams"": 82.0}, {""name"": ""hash browns"", ""grams"": 43.0}, {""name"": ""broccoli"", ""grams"": 51.0}, {""name"": ""egg whites"", ""grams"": 71.0}, {""name"": ""berries"", ""grams"": 61.0}]"
dish_1551138237,138.938004,7974.0,1.692,27.547001,4.559,"[{""name"": ""bread"", ""grams"": 27.0}, {""name"": ""tomatoes"", ""grams"": 67.0}, {""name"": ""pineapple"", ""grams"": 89.0}]"
dish_1559235771,145.800003,54.0,4.32,21.762001,5.0328,"[{""name"": ""cream cheese"", ""grams"": 10.8}, {""name"": ""bagels"", ""grams"": 43.200001}]"
dish_1557861837,61.883999,123.0,5.827,4.46,8.698,"[{""name"": ""eggplant"", ""grams"": 53.0}, {""name"": ""caesar salad"", ""grams"": 31.0}, {""name"": ""fish"", ""grams"": 39.0}]"
dish_1550712459,257.119995,141.0,11.606,1.862,34.788002,"[{""name"": ""cheese"", ""grams"": 25.0}, {""name"": ""chicken"", ""grams"": 90.0}, {""name"": ""mixed greens"", ""grams"": 29.0}]"
dish_1565034281,228.459991,306.0,9.433001,32.330002,5.901,"[{""name"": ""roasted potatoes"", ""grams"": 131.0}, {""name"": ""cauliflower"", ""grams"": 175.0}]"
dish_1562790259,518.591736,207.0,43.956383,7.921093,27.413876,"[{""name"": ""walnuts"", ""grams"": 34.025623}, {""name"": ""salt"", ""grams"": 0.379804}, {""name"": ""olive oil"", ""grams"": 8.102487}, {""name"": ""mustard"", ""grams"": 0.633007}, {""name"": ""grilled chicken"", ""grams"": 91.0}, {""name"": ""arugula"", ""grams"": 56.717411}, {""name"": ""vinegar"", ""grams"": 1.89902}, {""name"": ""blueberries"", ""grams"": 4.051243}, {""name"": ""chard"", ""grams"": 10.128109}, {""name"": ""pepper"", ""grams"": 0.063301}]"
dish_1562777068,236.723511,236.0,15.213988,10.770336,14.960756,"[{""name"": ""olive oil"", ""grams"": 0.383764}, {""name"": ""brussels sprouts"", ""grams"": 38.376385}, {""name"": ""salt"", ""grams"": 0.191882}, {""name"": ""strawberries"", ""grams"": 65.0}, {""name"": ""pepper"", ""grams"": 0.04797}, {""name"": ""scrambled eggs"", ""grams"": 132.0}]"
dish_1566413356,183.979996,164.0,3.952,2.196,33.699001,"[{""name"": ""spinach (raw)"", ""grams"": 61.0}, {""name"": ""chicken"", ""grams"": 103.0}]"
dish_1562700760,370.130035,418.0,18.338949,16.083405,35.965889,"[{""name"": ""beef"", ""grams"": 110.722244}, {""name"": ""cauliflower"", ""grams"": 163.0}, {""name"": ""shallots"", ""grams"": 7.381483}, {""name"": ""spinach (cooked)"", ""grams"": 3.690741}, {""name"": ""olive oil"", ""grams"": 0.738148}, {""name"": ""onions"", ""grams"": 3.690741}, {""name"": ""vinegar"", ""grams"": 0.184537}, {""name"": ""mushroom"", ""grams"": 110.0}, {""name"": ""millet"", ""grams"": 14.762965}, {""name"": ""bok choy"", ""grams"": 3.690741}, {""name"": ""salt"", ""grams"": 0.138403}]"
dish_1561667207,249.444839,121.0,11.420783,13.358226,22.073404,"[{""name"": ""garlic"", ""grams"": 2.887828}, {""name"": ""salt"", ""grams"": 0.577566}, {""name"": ""sugar"", ""grams"": 8.663485}, {""name"": ""bok choy"", ""grams"": 11.551312}, {""name"": ""pork"", ""grams"": 80.859192}, {""name"": ""pepper"", ""grams"": 0.288783}, {""name"": ""white rice"", ""grams"": 11.551312}, {""name"": ""soy sauce"", ""grams"": 4.620525}]"
dish_1551391586,372.769989,133.0,29.458,15.241999,18.360001,"[{""name"": ""shrimp"", ""grams"": 26.0}, {""name"": ""nuts"", ""grams"": 54.0}, {""name"": ""broccoli"", ""grams"": 55.0}]"
dish_1563820775,38.07,162.0,0.594,7.074,2.376,"[{""name"": ""zucchini"", ""grams"": 54.0}, {""name"": ""broccoli"", ""grams"": 54.0}, {""name"": ""squash"", ""grams"": 54.0}]"
dish_1568060722,460.579987,359.0,17.008001,12.233,64.398003,"[{""name"": ""avocado"", ""grams"": 64.0}, {""name"": ""mixed greens"", ""grams"": 61.0}, {""name"": ""onions"", ""grams"": 36.0}, {""name"": ""chicken"", ""grams"": 198.0}]"
dish_1562603569,121.679504,62.0,7.050731,8.625269,5.648293,"[{""name"": ""bacon"", ""grams"": 14.0}, {""name"": ""olive oil"", ""grams"": 1.170732}, {""name"": ""sweet potato"", ""grams"": 46.829269}]"
dish_1560799277,111.020004,73.0,3.733,14.73,4.934,"[{""name"": ""pizza"", ""grams"": 37.0}, {""name"": ""broccoli"", ""grams"": 36.0}]"
dish_1558459664,383.055969,273.0,18.390999,48.411999,11.629001,"[{""name"": ""white rice"", ""grams"": 79.0}, {""name"": ""almonds"", ""grams"": 36.0}, {""name"": ""spinach (raw)"", ""grams"": 9.0}, {""name"": ""cherry tomatoes"", ""grams"": 64.0}, {""name"": ""grapes"", ""grams"": 85.0}]"
dish_1568141915,318.543915,163.0,10.967052,42.07793,12.790895,"[{""name"": ""cheese pizza"", ""grams"": 110.0}, {""name"": ""salt"", ""grams"": 0.195933}, {""name"": ""carrot"", ""grams"": 52.24892}, {""name"": ""olive oil"", ""grams"": 0.522489}, {""name"": ""pepper"", ""grams"": 0.032656}]"
dish_1551567964,104.299995,167.0,7.113,10.339,2.736,"[{""name"": ""olives"", ""grams"": 63.0}, {""name"": ""broccoli"", ""grams"": 51.0}, {""name"": ""cauliflower"", ""grams"": 56.0}]"
dish_1559149719,432.125,268.0,28.792999,8.894,31.711,"[{""name"": ""bacon"", ""grams"": 23.0}, {""name"": ""carrot"", ""grams"": 64.0}, {""name"": ""eggs"", ""grams"": 181.0}]"
dish_1566414642,219.809998,145.0,7.812,14.580001,21.541,"[{""name"": ""roasted potatoes"", ""grams"": 81.0}, {""name"": ""chicken"", ""grams"": 64.0}]"
dish_1559667948,153.900009,57.0,4.56,22.971003,5.3124,"[{""name"": ""cream cheese"", ""grams"": 11.400001}, {""name"": ""bagels"", ""grams"": 45.600002}]"
dish_1567110783,465.307892,210.0,24.372978,18.846014,38.940533,"[{""name"": ""shallots"", ""grams"": 8.552339}, {""name"": ""spinach (cooked)"", ""grams"": 4.276169}, {""name"": ""bok choy"", ""grams"": 4.276169}, {""name"": ""onions"", ""grams"": 4.276169}, {""name"": ""pizza"", ""grams"": 42.0}, {""name"": ""olive oil"", ""grams"": 0.855234}, {""name"": ""vinegar"", ""grams"": 0.213808}, {""name"": ""salt"", ""grams"": 0.160356}, {""name"": ""millet"", ""grams"": 17.104677}, {""name"": ""beef"", ""grams"": 128.28508}]"
dish_1551376623,315.340027,147.0,20.365002,27.02,10.205,"[{""name"": ""broccoli"", ""grams"": 55.0}, {""name"": ""nuts"", ""grams"": 37.0}, {""name"": ""white rice"", ""grams"": 55.0}]"
dish_1564590226,220.535858,376.0,3.554219,46.892776,2.959488,"[{""name"": ""olive oil"", ""grams"": 2.951219}, {""name"": ""watermelon"", ""grams"": 84.0}, {""name"": ""berries"", ""grams"": 93.0}, {""name"": ""sweet potato"", ""grams"": 118.048782}, {""name"": ""cantaloupe"", ""grams"": 78.0}]"
dish_1560799615,332.749847,283.0,17.999836,32.516449,11.012909,"[{""name"": ""spinach (raw)"", ""grams"": 56.240124}, {""name"": ""onions"", ""grams"": 8.998421}, {""name"": ""squash"", ""grams"": 118.372375}, {""name"": ""apple"", ""grams"": 4.49921}, {""name"": ""salt"", ""grams"": 0.584497}, {""name"": ""olive oil"", ""grams"": 10.182144}, {""name"": ""pizza"", ""grams"": 74.0}, {""name"": ""cranberries"", ""grams"": 4.49921}, {""name"": ""mustard"", ""grams"": 1.124803}, {""name"": ""vinegar"", ""grams"": 4.49921}]"
dish_1559845513,222.152008,379.0,0.563,55.181995,3.221,"[{""name"": ""potatoes"", ""grams"": 86.0}, {""name"": ""pears"", ""grams"": 201.0}, {""name"": ""mandarin oranges"", ""grams"": 53.0}, {""name"": ""strawberries"", ""grams"": 39.0}]"
dish_1568649354,72.870728,129.0,1.676927,14.402927,1.740146,"[{""name"": ""broccoli"", ""grams"": 49.7561}, {""name"": ""berries"", ""grams"": 78.0}, {""name"": ""olive oil"", ""grams"": 1.243902}]"
dish_1563566725,241.313019,206.0,7.40534,39.206856,7.718408,"[{""name"": ""olive oil"", ""grams"": 0.990291}, {""name"": ""olives"", ""grams"": 54.0}, {""name"": ""wild rice"", ""grams"": 118.0}, {""name"": ""wheat berry"", ""grams"": 33.009708}]"
dish_1568405183,72.402832,64.0,6.906353,2.248366,1.364915,"[{""name"": ""salt"", ""grams"": 0.20915}, {""name"": ""tomatoes"", ""grams"": 4.183007}, {""name"": ""garlic"", ""grams"": 0.627451}, {""name"": ""mustard"", ""grams"": 0.418301}, {""name"": ""cucumbers"", ""grams"": 6.692811}, {""name"": ""olive oil"", ""grams"": 6.692811}, {""name"": ""mustard greens"", ""grams"": 8.366014}, {""name"": ""spinach (raw)"", ""grams"": 33.464054}, {""name"": ""vinegar"", ""grams"": 3.346405}]"
dish_1560367926,408.523132,194.0,20.965912,44.984913,24.155903,"[{""name"": ""onions"", ""grams"": 2.16047}, {""name"": ""fish"", ""grams"": 54.011742}, {""name"": ""garlic"", ""grams"": 0.270059}, {""name"": ""salt"", ""grams"": 0.135029}, {""name"": ""green onions"", ""grams"": 0.540117}, {""name"": ""olive oil"", ""grams"": 1.080235}, {""name"": ""pizza"", ""grams"": 125.0}, {""name"": ""country rice"", ""grams"": 10.802348}]"
dish_1550791942,206.660004,272.0,0.778,47.32,4.515,"[{""name"": ""apple"", ""grams"": 113.0}, {""name"": ""broccoli"", ""grams"": 66.0}, {""name"": ""white rice"", ""grams"": 96.0}]"
dish_1561749348,165.446945,93.0,8.394006,3.661341,17.270729,"[{""name"": ""brown rice"", ""grams"": 13.966586}, {""name"": ""arugula"", ""grams"": 2.793317}, {""name"": ""salmon"", ""grams"": 69.832924}, {""name"": ""thyme"", ""grams"": 0.087291}, {""name"": ""olive oil"", ""grams"": 2.653651}, {""name"": ""pepper"", ""grams"": 3.491647}, {""name"": ""salt"", ""grams"": 0.174582}]"
dish_1551226999,196.180008,199.0,16.852999,18.18,25.248001,"[{""name"": ""tortilla"", ""grams"": 31.0}, {""name"": ""fish"", ""grams"": 122.0}, {""name"": ""bell peppers"", ""grams"": 47.0}]"
dish_1551377209,91.800003,147.0,0.289,10.209,13.539999,"[{""name"": ""mushroom"", ""grams"": 19.0}, {""name"": ""shrimp"", ""grams"": 51.0}, {""name"": ""orange"", ""grams"": 79.0}]"
dish_1550785915,256.73999,157.0,9.035001,23.899,17.773001,"[{""name"": ""beef"", ""grams"": 58.0}, {""name"": ""white rice"", ""grams"": 81.0}, {""name"": ""mixed greens"", ""grams"": 23.0}]"
dish_1565724269,527.548767,311.0,18.378778,41.778172,47.436829,"[{""name"": ""pizza"", ""grams"": 102.0}, {""name"": ""chicken"", ""grams"": 108.634056}, {""name"": ""spinach (raw)"", ""grams"": 2.715851}, {""name"": ""wheat berry"", ""grams"": 10.863405}, {""name"": ""olive oil"", ""grams"": 4.172681}, {""name"": ""thyme"", ""grams"": 0.271585}, {""name"": ""salt"", ""grams"": 0.135793}, {""name"": ""lemon juice"", ""grams"": 0.54317}, {""name"": ""shallots"", ""grams"": 0.033948}, {""name"": ""broccoli"", ""grams"": 80.0}, {""name"": ""garlic"", ""grams"": 0.54317}, {""name"": ""parsley"", ""grams"": 1.086341}]"
dish_1565813414,139.720078,179.0,9.889826,3.935386,12.944803,"[{""name"": ""garlic"", ""grams"": 0.072785}, {""name"": ""salt"", ""grams"": 0.072785}, {""name"": ""mustard"", ""grams"": 0.14557}, {""name"": ""blueberries"", ""grams"": 2.329114}, {""name"": ""olive oil"", ""grams"": 2.329114}, {""name"": ""tofu"", ""grams"": 156.0}, {""name"": ""spinach (raw)"", ""grams"": 14.556962}, {""name"": ""vinegar"", ""grams"": 1.164557}, {""name"": ""radishes"", ""grams"": 2.329114}]"
dish_1563568292,276.682983,193.0,7.782,47.635002,9.628,"[{""name"": ""corn on the cob"", ""grams"": 148.0}, {""name"": ""cheese pizza"", ""grams"": 45.0}]"
dish_1561666821,211.78656,170.0,12.141861,19.425873,7.538332,"[{""name"": ""caesar salad"", ""grams"": 54.0}, {""name"": ""lettuce"", ""grams"": 17.026239}, {""name"": ""onions"", ""grams"": 3.405248}, {""name"": ""cheese pizza"", ""grams"": 43.0}, {""name"": ""cucumbers"", ""grams"": 8.51312}, {""name"": ""lime"", ""grams"": 0.851312}, {""name"": ""vinegar"", ""grams"": 3.405248}, {""name"": ""pepper"", ""grams"": 0.212828}, {""name"": ""cherry tomatoes"", ""grams"": 6.810496}, {""name"": ""salt"", ""grams"": 0.425656}, {""name"": ""olive oil"", ""grams"": 6.810496}, {""name"": ""mixed greens"", ""grams"": 25.539358}]"
dish_1561492182,250.165695,171.0,7.306371,40.08807,6.884981,"[{""name"": ""spinach (raw)"", ""grams"": 27.215189}, {""name"": ""vinegar"", ""grams"": 2.177215}, {""name"": ""radishes"", ""grams"": 4.354431}, {""name"": ""fried rice"", ""grams"": 128.0}, {""name"": ""garlic"", ""grams"": 0.136076}, {""name"": ""salt"", ""grams"": 0.136076}, {""name"": ""mustard"", ""grams"": 0.272152}, {""name"": ""olive oil"", ""grams"": 4.354431}, {""name"": ""blueberries"", ""grams"": 4.354431}]"
dish_1564415335,164.880005,136.0,7.4,16.02,8.36,"[{""name"": ""sweet potato"", ""grams"": 80.0}, {""name"": ""olive oil"", ""grams"": 2.0}, {""name"": ""chicken apple sausage"", ""grams"": 54.0}]"
dish_1551396096,273.899994,76.0,20.151001,18.945,8.97,"[{""name"": ""asparagus"", ""grams"": 15.0}, {""name"": ""tortilla"", ""grams"": 24.0}, {""name"": ""nuts"", ""grams"": 36.0}]"
dish_1562689548,216.540009,267.0,7.533,18.101999,19.5,"[{""name"": ""pineapple"", ""grams"": 94.0}, {""name"": ""cottage cheese"", ""grams"": 173.0}]"
dish_1551374783,133.559998,267.0,0.804,35.34,3.361,"[{""name"": ""lemon"", ""grams"": 112.0}, {""name"": ""banana"", ""grams"": 97.0}, {""name"": ""cauliflower"", ""grams"": 59.0}]"
dish_1559849537,549.52301,393.0,30.711,65.328995,15.438001,"[{""name"": ""grapes"", ""grams"": 78.0}, {""name"": ""pears"", ""grams"": 201.0}, {""name"": ""mandarin oranges"", ""grams"": 53.0}, {""name"": ""almonds"", ""grams"": 61.0}]"
dish_1561748274,558.514648,260.0,28.200544,27.625929,48.040081,"[{""name"": ""garlic"", ""grams"": 1.414004}, {""name"": ""onions"", ""grams"": 0.353501}, {""name"": ""chili"", ""grams"": 1.237254}, {""name"": ""salt"", ""grams"": 0.353501}, {""name"": ""tortilla"", ""grams"": 56.560162}, {""name"": ""cilantro"", ""grams"": 1.414004}, {""name"": ""olive oil"", ""grams"": 0.707002}, {""name"": ""chicken thighs"", ""grams"": 141.400406}, {""name"": ""cheese"", ""grams"": 42.420124}, {""name"": ""tomatoes"", ""grams"": 14.14004}]"
dish_1551492056,77.907997,85.0,5.34,3.795,4.896,"[{""name"": ""asparagus"", ""grams"": 27.0}, {""name"": ""olives"", ""grams"": 39.0}, {""name"": ""ham"", ""grams"": 19.0}]"
dish_1550706705,279.899994,323.0,5.703,6.15,49.262001,"[{""name"": ""chicken"", ""grams"": 151.0}, {""name"": ""cucumbers"", ""grams"": 85.0}, {""name"": ""cauliflower"", ""grams"": 89.0}]"
dish_1565711183,460.42337,461.0,20.747547,20.976871,44.718552,"[{""name"": ""blackberries"", ""grams"": 4.967742}, {""name"": ""vinaigrette"", ""grams"": 4.967742}, {""name"": ""bacon"", ""grams"": 33.0}, {""name"": ""granola"", ""grams"": 12.419354}, {""name"": ""mixed greens"", ""grams"": 49.677418}, {""name"": ""egg whites"", ""grams"": 275.0}, {""name"": ""salt"", ""grams"": 0.373924}, {""name"": ""raspberries"", ""grams"": 4.967742}, {""name"": ""pepper"", ""grams"": 0.093481}, {""name"": ""brussels sprouts"", ""grams"": 74.784752}, {""name"": ""olive oil"", ""grams"": 0.747847}]"
dish_1567629106,292.549988,211.0,11.000999,35.353001,13.952,"[{""name"": ""caesar salad"", ""grams"": 121.0}, {""name"": ""cheese pizza"", ""grams"": 90.0}]"
dish_1551221935,138.869995,174.0,7.127,20.15,12.066,"[{""name"": ""tortilla"", ""grams"": 34.0}, {""name"": ""cauliflower"", ""grams"": 97.0}, {""name"": ""fish"", ""grams"": 45.0}]"
dish_1558636980,222.778,397.0,4.738,47.007004,4.415,"[{""name"": ""apple"", ""grams"": 117.0}, {""name"": ""grapes"", ""grams"": 88.0}, {""name"": ""carrot"", ""grams"": 95.0}, {""name"": ""cherry tomatoes"", ""grams"": 89.0}, {""name"": ""almonds"", ""grams"": 8.0}]"
dish_1558114284,162.230011,316.0,0.632,22.569,21.320999,"[{""name"": ""deprecated"", ""grams"": 143.0}, {""name"": ""grapes"", ""grams"": 83.0}, {""name"": ""cantaloupe"", ""grams"": 90.0}]"
dish_1567785709,131.250626,138.0,8.397309,14.615491,1.001891,"[{""name"": ""radishes"", ""grams"": 8.145454}, {""name"": ""berries"", ""grams"": 54.0}, {""name"": ""salt"", ""grams"": 0.254545}, {""name"": ""garlic"", ""grams"": 0.509091}, {""name"": ""olive oil"", ""grams"": 8.145454}, {""name"": ""vinegar"", ""grams"": 4.072727}, {""name"": ""cucumbers"", ""grams"": 10.181818}, {""name"": ""mustard"", ""grams"": 0.509091}, {""name"": ""pineapple"", ""grams"": 42.0}, {""name"": ""bell peppers"", ""grams"": 10.181818}]"
dish_1551237321,158.569992,271.0,2.242,28.485001,9.334,"[{""name"": ""orange"", ""grams"": 216.0}, {""name"": ""bell peppers"", ""grams"": 23.0}, {""name"": ""ham"", ""grams"": 33.0}]"
dish_1565378770,319.280365,287.0,11.794086,36.280937,19.016382,"[{""name"": ""pork"", ""grams"": 53.460621}, {""name"": ""wheat berry"", ""grams"": 78.640778}, {""name"": ""pepper"", ""grams"": 0.268565}, {""name"": ""bok choy"", ""grams"": 7.637231}, {""name"": ""carrot"", ""grams"": 124.214417}, {""name"": ""soy sauce"", ""grams"": 3.054893}, {""name"": ""garlic"", ""grams"": 1.909308}, {""name"": ""salt"", ""grams"": 0.847666}, {""name"": ""sugar"", ""grams"": 5.727923}, {""name"": ""white rice"", ""grams"": 7.637231}, {""name"": ""olive oil"", ""grams"": 3.601367}]"
dish_1564429744,282.477234,374.0,5.089361,49.256981,11.891616,"[{""name"": ""parsley"", ""grams"": 3.680511}, {""name"": ""thyme"", ""grams"": 0.920128}, {""name"": ""garlic"", ""grams"": 4.600639}, {""name"": ""shallots"", ""grams"": 0.920128}, {""name"": ""olive oil"", ""grams"": 0.920128}, {""name"": ""lemon juice"", ""grams"": 0.460064}, {""name"": ""arugula"", ""grams"": 18.402555}, {""name"": ""salt"", ""grams"": 2.070287}, {""name"": ""cauliflower"", ""grams"": 158.0}, {""name"": ""quinoa"", ""grams"": 184.025558}]"
dish_1561392430,208.746002,149.0,14.25,9.651999,11.09,"[{""name"": ""sausage"", ""grams"": 51.0}, {""name"": ""broccoli"", ""grams"": 33.0}, {""name"": ""strawberries"", ""grams"": 65.0}]"
dish_1563551006,357.669189,213.0,22.059999,29.586002,15.6948,"[{""name"": ""scrambled eggs"", ""grams"": 80.0}, {""name"": ""cheese"", ""grams"": 4.0}, {""name"": ""bacon"", ""grams"": 9.0}, {""name"": ""roasted potatoes"", ""grams"": 72.0}, {""name"": ""country rice"", ""grams"": 48.0}]"
dish_1566936266,220.955551,146.0,9.865667,3.423139,27.754599,"[{""name"": ""spinach (cooked)"", ""grams"": 2.807693}, {""name"": ""shallots"", ""grams"": 1.123077}, {""name"": ""wine"", ""grams"": 0.561538}, {""name"": ""lemon juice"", ""grams"": 0.140385}, {""name"": ""olive oil"", ""grams"": 0.280769}, {""name"": ""chicken thighs"", ""grams"": 112.307693}, {""name"": ""squash"", ""grams"": 5.615385}, {""name"": ""eggplant"", ""grams"": 5.615385}, {""name"": ""quinoa"", ""grams"": 11.23077}, {""name"": ""mushroom"", ""grams"": 5.615385}, {""name"": ""salt"", ""grams"": 0.140385}, {""name"": ""garlic"", ""grams"": 0.561538}]"
dish_1562963289,349.917969,180.0,12.685999,43.364002,15.52,"[{""name"": ""caesar salad"", ""grams"": 58.0}, {""name"": ""cheese pizza"", ""grams"": 122.0}]"
dish_1559845399,107.18,178.0,0.362,24.630001,2.417,"[{""name"": ""potatoes"", ""grams"": 86.0}, {""name"": ""mandarin oranges"", ""grams"": 53.0}, {""name"": ""strawberries"", ""grams"": 39.0}]"
dish_1566589967,381.661957,322.0,16.1381,13.400992,46.94825,"[{""name"": ""onions"", ""grams"": 5.69902}, {""name"": ""olive oil"", ""grams"": 5.69902}, {""name"": ""garlic"", ""grams"": 2.84951}, {""name"": ""bell peppers"", ""grams"": 14.247552}, {""name"": ""salt"", ""grams"": 2.84951}, {""name"": ""tomatoes"", ""grams"": 14.247552}, {""name"": ""pepper"", ""grams"": 0.534283}, {""name"": ""millet"", ""grams"": 28.495104}, {""name"": ""chicken"", ""grams"": 113.980415}, {""name"": ""spinach (raw)"", ""grams"": 5.69902}, {""name"": ""jalapenos"", ""grams"": 5.69902}, {""name"": ""tofu"", ""grams"": 122.0}]"
dish_1559846363,154.262009,286.0,0.488,39.681999,1.996,"[{""name"": ""broccoli"", ""grams"": 32.0}, {""name"": ""pears"", ""grams"": 201.0}, {""name"": ""mandarin oranges"", ""grams"": 53.0}]"
dish_1562958721,125.724831,167.0,3.698547,21.363926,2.161744,"[{""name"": ""olive oil"", ""grams"": 3.219277}, {""name"": ""radishes"", ""grams"": 6.438554}, {""name"": ""vinegar"", ""grams"": 6.438554}, {""name"": ""carrot"", ""grams"": 16.096384}, {""name"": ""soy sauce"", ""grams"": 1.609639}, {""name"": ""mixed greens"", ""grams"": 32.192768}, {""name"": ""garlic"", ""grams"": 1.207229}, {""name"": ""cabbage"", ""grams"": 32.192768}, {""name"": ""rice noodles"", ""grams"": 64.385536}, {""name"": ""green onions"", ""grams"": 3.219277}]"
dish_1551566356,228.690002,91.0,15.832,12.204,10.049001,"[{""name"": ""sausage"", ""grams"": 45.0}, {""name"": ""tortilla"", ""grams"": 19.0}, {""name"": ""olives"", ""grams"": 28.0}]"
dish_1559060106,206.369995,195.0,8.643,23.68,8.907001,"[{""name"": ""bacon"", ""grams"": 20.0}, {""name"": ""sweet potato"", ""grams"": 94.0}, {""name"": ""strawberries"", ""grams"": 81.0}]"
dish_1566849987,562.969971,540.0,16.635,20.534,80.740997,"[{""name"": ""olives"", ""grams"": 67.0}, {""name"": ""carrot"", ""grams"": 86.0}, {""name"": ""chicken"", ""grams"": 252.0}, {""name"": ""cherry tomatoes"", ""grams"": 87.0}, {""name"": ""onions"", ""grams"": 48.0}]"
dish_1568055986,54.400002,76.0,3.468,5.976,0.74,"[{""name"": ""olives"", ""grams"": 32.0}, {""name"": ""onions"", ""grams"": 44.0}]"
dish_1550876467,159.470001,111.0,7.681001,7.23,16.559,"[{""name"": ""orange"", ""grams"": 31.0}, {""name"": ""avocado"", ""grams"": 39.0}, {""name"": ""chicken"", ""grams"": 50.0}]"
dish_1562690074,263.402344,104.0,21.608747,3.018018,14.246227,"[{""name"": ""mixed greens"", ""grams"": 23.790089}, {""name"": ""onions"", ""grams"": 3.172012}, {""name"": ""lettuce"", ""grams"": 15.860058}, {""name"": ""lime"", ""grams"": 0.793003}, {""name"": ""cucumbers"", ""grams"": 7.930029}, {""name"": ""olive oil"", ""grams"": 6.344024}, {""name"": ""vinegar"", ""grams"": 3.172012}, {""name"": ""pepper"", ""grams"": 0.198251}, {""name"": ""cherry tomatoes"", ""grams"": 6.344024}, {""name"": ""bacon"", ""grams"": 36.0}, {""name"": ""salt"", ""grams"": 0.396501}]"
dish_1565640894,464.892029,422.0,18.178001,20.476002,55.195004,"[{""name"": ""mixed greens"", ""grams"": 54.0}, {""name"": ""chicken"", ""grams"": 137.0}, {""name"": ""cucumbers"", ""grams"": 95.0}, {""name"": ""olives"", ""grams"": 77.0}, {""name"": ""black beans"", ""grams"": 43.0}, {""name"": ""parmesan cheese"", ""grams"": 16.0}]"
dish_1551564857,115.349998,112.0,4.987,17.073999,2.98,"[{""name"": ""tortilla"", ""grams"": 25.0}, {""name"": ""olives"", ""grams"": 38.0}, {""name"": ""broccoli"", ""grams"": 49.0}]"
dish_1565799597,258.311707,457.0,2.660439,20.559563,32.926975,"[{""name"": ""egg whites"", ""grams"": 318.0}, {""name"": ""watermelon"", ""grams"": 61.0}, {""name"": ""sweet potato"", ""grams"": 76.097565}, {""name"": ""olive oil"", ""grams"": 1.902439}]"
dish_1561996647,499.745972,330.0,31.757,26.397999,27.354,"[{""name"": ""cantaloupe"", ""grams"": 34.0}, {""name"": ""roasted potatoes"", ""grams"": 89.0}, {""name"": ""honeydew melons"", ""grams"": 49.0}, {""name"": ""scrambled eggs"", ""grams"": 110.0}, {""name"": ""turkey bacon"", ""grams"": 48.0}]"
dish_1551563890,191.75,163.0,5.444,8.24,27.049999,"[{""name"": ""pineapple"", ""grams"": 56.0}, {""name"": ""ham"", ""grams"": 64.0}, {""name"": ""chicken"", ""grams"": 43.0}]"
dish_1558640311,105.879997,276.0,0.552,26.114,2.242,"[{""name"": ""grapes"", ""grams"": 92.0}, {""name"": ""cantaloupe"", ""grams"": 58.0}, {""name"": ""cherry tomatoes"", ""grams"": 126.0}]"
dish_1551490544,178.904007,97.0,13.17,4.942,10.156,"[{""name"": ""sausage"", ""grams"": 48.0}, {""name"": ""asparagus"", ""grams"": 34.0}, {""name"": ""carrot"", ""grams"": 16.0}]"
dish_1562699612,98.391266,74.0,2.671786,15.661942,2.793359,"[{""name"": ""brown rice"", ""grams"": 22.0}, {""name"": ""quinoa"", ""grams"": 50.485435}, {""name"": ""olive oil"", ""grams"": 1.514563}]"
dish_1558382263,356.629974,425.0,19.562,23.453999,27.487001,"[{""name"": ""olives"", ""grams"": 68.0}, {""name"": ""chicken"", ""grams"": 69.0}, {""name"": ""avocado"", ""grams"": 59.0}, {""name"": ""spinach (raw)"", ""grams"": 60.0}, {""name"": ""tomatoes"", ""grams"": 65.0}, {""name"": ""broccoli"", ""grams"": 51.0}, {""name"": ""green beans"", ""grams"": 53.0}]"
dish_1550875347,217.380005,159.0,18.417999,7.188,18.688,"[{""name"": ""cheese"", ""grams"": 36.0}, {""name"": ""fish"", ""grams"": 49.0}, {""name"": ""cantaloupe"", ""grams"": 84.0}]"
dish_1567612954,148.346344,155.0,3.780488,27.219513,1.512195,"[{""name"": ""olive oil"", ""grams"": 3.780488}, {""name"": ""sweet potato"", ""grams"": 151.219513}]"
dish_1566332268,567.580994,595.0,31.404999,22.379,54.752998,"[{""name"": ""olives"", ""grams"": 112.0}, {""name"": ""chicken"", ""grams"": 150.0}, {""name"": ""spinach (raw)"", ""grams"": 65.0}, {""name"": ""avocado"", ""grams"": 79.0}, {""name"": ""caesar dressing"", ""grams"": 91.0}, {""name"": ""cucumbers"", ""grams"": 98.0}]"
dish_1551566547,91.330002,88.0,1.678,7.2,12.01,"[{""name"": ""tortilla"", ""grams"": 11.0}, {""name"": ""chicken"", ""grams"": 34.0}, {""name"": ""cauliflower"", ""grams"": 45.0}]"
dish_1568313640,71.139999,145.0,3.652,8.9,3.152,"[{""name"": ""onions"", ""grams"": 33.0}, {""name"": ""mushroom"", ""grams"": 41.0}, {""name"": ""mixed greens"", ""grams"": 49.0}, {""name"": ""avocado"", ""grams"": 22.0}]"
dish_1561492665,81.950653,93.0,8.595007,4.689008,10.342231,"[{""name"": ""green onions"", ""grams"": 0.485323}, {""name"": ""salt"", ""grams"": 0.121331}, {""name"": ""caesar salad"", ""grams"": 31.0}, {""name"": ""garlic"", ""grams"": 0.242661}, {""name"": ""onions"", ""grams"": 1.941292}, {""name"": ""olive oil"", ""grams"": 0.970646}, {""name"": ""country rice"", ""grams"": 9.706458}, {""name"": ""fish"", ""grams"": 48.532288}]"
dish_1563555563,398.220001,304.0,24.639,21.802,22.725,"[{""name"": ""scrambled eggs"", ""grams"": 131.0}, {""name"": ""pineapple"", ""grams"": 149.0}, {""name"": ""bacon"", ""grams"": 24.0}]"
dish_1566849269,249.85202,153.0,17.626001,9.452,16.304001,"[{""name"": ""avocado"", ""grams"": 47.0}, {""name"": ""parmesan cheese"", ""grams"": 36.0}, {""name"": ""mixed greens"", ""grams"": 70.0}]"
dish_1551391083,191.339996,282.0,7.175,24.550999,12.249,"[{""name"": ""tofu"", ""grams"": 119.0}, {""name"": ""kiwi"", ""grams"": 91.0}, {""name"": ""oatmeal"", ""grams"": 72.0}]"
dish_1550791302,175.940002,194.0,5.658,22.68,9.922,"[{""name"": ""apple"", ""grams"": 78.0}, {""name"": ""beef"", ""grams"": 35.0}, {""name"": ""berries"", ""grams"": 84.0}]"
dish_1562011727,372.352112,182.0,22.290583,5.197382,35.659843,"[{""name"": ""wheat berry"", ""grams"": 17.669903}, {""name"": ""pork"", ""grams"": 132.524261}, {""name"": ""jalapenos"", ""grams"": 0.220874}, {""name"": ""lemon juice"", ""grams"": 1.76699}, {""name"": ""pepper"", ""grams"": 0.441748}, {""name"": ""cabbage"", ""grams"": 17.669903}, {""name"": ""carrot"", ""grams"": 4.417476}, {""name"": ""garlic"", ""grams"": 1.76699}, {""name"": ""salt"", ""grams"": 0.220874}, {""name"": ""parsley"", ""grams"": 0.883495}, {""name"": ""mayonnaise"", ""grams"": 3.533981}, {""name"": ""olive oil"", ""grams"": 0.883495}]"
dish_1564415140,199.893661,239.0,7.645512,10.607489,19.387804,"[{""name"": ""scrambled eggs"", ""grams"": 56.0}, {""name"": ""egg whites"", ""grams"": 133.0}, {""name"": ""olive oil"", ""grams"": 1.219512}, {""name"": ""sweet potato"", ""grams"": 48.780487}]"
dish_1551563853,191.75,164.0,5.444,8.24,27.050001,"[{""name"": ""ham"", ""grams"": 64.0}, {""name"": ""chicken"", ""grams"": 43.0}, {""name"": ""pineapple"", ""grams"": 56.0}]"
dish_1560800918,70.825645,40.0,3.925041,7.729096,1.983562,"[{""name"": ""parsley"", ""grams"": 0.438356}, {""name"": ""pepper"", ""grams"": 3.506849}, {""name"": ""chickpeas"", ""grams"": 8.767123}, {""name"": ""bulgur"", ""grams"": 4.383562}, {""name"": ""salt"", ""grams"": 0.109589}, {""name"": ""lemon juice"", ""grams"": 1.753425}, {""name"": ""kale"", ""grams"": 17.534246}, {""name"": ""olive oil"", ""grams"": 3.506849}]"
dish_1563379163,271.044617,146.0,15.833774,20.316792,10.922132,"[{""name"": ""chilaquiles"", ""grams"": 119.0}, {""name"": ""yam"", ""grams"": 12.735848}, {""name"": ""olive oil"", ""grams"": 1.528302}, {""name"": ""sweet potato"", ""grams"": 12.735848}]"
dish_1550792824,159.940002,155.0,5.672,15.639999,10.889999,"[{""name"": ""beef"", ""grams"": 35.0}, {""name"": ""tomatoes"", ""grams"": 50.0}, {""name"": ""potatoes"", ""grams"": 72.0}]"
dish_1565033220,908.60498,578.0,59.342999,19.202002,76.664001,"[{""name"": ""mixed greens"", ""grams"": 55.0}, {""name"": ""olives"", ""grams"": 127.0}, {""name"": ""broccoli"", ""grams"": 92.0}, {""name"": ""chicken"", ""grams"": 233.0}, {""name"": ""vinaigrette"", ""grams"": 71.0}]"
dish_1560369102,69.738571,121.0,5.188934,4.877475,2.574234,"[{""name"": ""garlic"", ""grams"": 0.155063}, {""name"": ""mustard"", ""grams"": 0.310127}, {""name"": ""salt"", ""grams"": 0.155063}, {""name"": ""olive oil"", ""grams"": 4.962026}, {""name"": ""blueberries"", ""grams"": 4.962026}, {""name"": ""spinach (raw)"", ""grams"": 31.012657}, {""name"": ""vinegar"", ""grams"": 2.481013}, {""name"": ""radishes"", ""grams"": 4.962026}, {""name"": ""asparagus"", ""grams"": 72.0}]"
dish_1551390087,122.332001,157.0,4.005,15.126999,8.313999,"[{""name"": ""asparagus"", ""grams"": 33.0}, {""name"": ""white rice"", ""grams"": 44.0}, {""name"": ""tofu"", ""grams"": 80.0}]"
dish_1558719145,547.072998,416.0,36.821003,48.143997,18.493002,"[{""name"": ""cantaloupe"", ""grams"": 94.0}, {""name"": ""cherry tomatoes"", ""grams"": 107.0}, {""name"": ""almonds"", ""grams"": 73.0}, {""name"": ""apple"", ""grams"": 142.0}]"
dish_1566230300,401.849976,662.0,4.155,35.613998,47.939003,"[{""name"": ""berries"", ""grams"": 77.0}, {""name"": ""egg whites"", ""grams"": 462.0}, {""name"": ""olive oil"", ""grams"": 3.0}, {""name"": ""sweet potato"", ""grams"": 120.0}]"
dish_1562871537,685.772949,554.0,30.779623,53.014832,50.176342,"[{""name"": ""squash"", ""grams"": 86.806412}, {""name"": ""white rice"", ""grams"": 93.0}, {""name"": ""grilled chicken"", ""grams"": 161.0}, {""name"": ""pepper"", ""grams"": 0.059041}, {""name"": ""cheese pizza"", ""grams"": 47.0}, {""name"": ""salt"", ""grams"": 0.561686}, {""name"": ""brussels sprouts"", ""grams"": 47.232475}, {""name"": ""olive oil"", ""grams"": 1.340389}, {""name"": ""mushroom"", ""grams"": 117.0}]"
dish_1560527105,92.725296,104.0,3.845912,12.959577,2.126438,"[{""name"": ""olive oil"", ""grams"": 3.660131}, {""name"": ""mustard greens"", ""grams"": 4.575164}, {""name"": ""cucumbers"", ""grams"": 3.660131}, {""name"": ""tomatoes"", ""grams"": 2.287582}, {""name"": ""mustard"", ""grams"": 0.228758}, {""name"": ""potatoes"", ""grams"": 69.0}, {""name"": ""salt"", ""grams"": 0.114379}, {""name"": ""garlic"", ""grams"": 0.343137}, {""name"": ""spinach (raw)"", ""grams"": 18.300655}, {""name"": ""vinegar"", ""grams"": 1.830065}]"
dish_1565195436,340.958527,164.0,20.772194,19.309807,18.284878,"[{""name"": ""olive oil"", ""grams"": 2.512195}, {""name"": ""chicken apple sausage"", ""grams"": 23.0}, {""name"": ""sweet potato"", ""grams"": 100.487808}, {""name"": ""bacon"", ""grams"": 38.0}]"
dish_1551375480,99.169998,176.0,0.451,14.42,10.649,"[{""name"": ""cantaloupe"", ""grams"": 83.0}, {""name"": ""shrimp"", ""grams"": 40.0}, {""name"": ""berries"", ""grams"": 55.0}]"
dish_1566230258,357.959961,585.0,3.924,24.834,47.400002,"[{""name"": ""egg whites"", ""grams"": 462.0}, {""name"": ""olive oil"", ""grams"": 3.0}, {""name"": ""sweet potato"", ""grams"": 120.0}]"
dish_1566849955,147.169998,288.0,7.563,20.534,2.621,"[{""name"": ""olives"", ""grams"": 67.0}, {""name"": ""onions"", ""grams"": 48.0}, {""name"": ""cherry tomatoes"", ""grams"": 87.0}, {""name"": ""carrot"", ""grams"": 86.0}]"
dish_1550706766,279.899994,323.0,5.703,6.15,49.262001,"[{""name"": ""cucumbers"", ""grams"": 85.0}, {""name"": ""chicken"", ""grams"": 151.0}, {""name"": ""cauliflower"", ""grams"": 89.0}]"
dish_1561061593,42.458584,52.0,1.65987,4.35921,3.223788,"[{""name"": ""caesar dressing"", ""grams"": 6.778005}, {""name"": ""parmesan cheese"", ""grams"": 4.236252}, {""name"": ""kale"", ""grams"": 40.668022}, {""name"": ""croutons"", ""grams"": 0.317719}]"
dish_1550778694,160.119995,164.0,3.792,29.779999,2.936,"[{""name"": ""potatoes"", ""grams"": 88.0}, {""name"": ""berries"", ""grams"": 68.0}, {""name"": ""potato chips"", ""grams"": 10.0}]"
dish_1563294522,250.965668,400.0,4.807397,53.672115,2.934019,"[{""name"": ""sweet potato"", ""grams"": 33.962265}, {""name"": ""yam"", ""grams"": 33.962265}, {""name"": ""watermelon"", ""grams"": 79.0}, {""name"": ""strawberries"", ""grams"": 91.0}, {""name"": ""olive oil"", ""grams"": 4.075472}, {""name"": ""pineapple"", ""grams"": 83.0}, {""name"": ""grapes"", ""grams"": 75.0}]"
dish_1560441511,51.919998,123.0,0.296,12.7,0.864,"[{""name"": ""watermelon"", ""grams"": 35.0}, {""name"": ""cantaloupe"", ""grams"": 38.0}, {""name"": ""berries"", ""grams"": 50.0}]"
dish_1559848882,143.062012,254.0,0.36,37.441998,1.228,"[{""name"": ""mandarin oranges"", ""grams"": 53.0}, {""name"": ""pears"", ""grams"": 201.0}]"
dish_1566933180,161.449524,96.0,7.634025,2.197063,19.702276,"[{""name"": ""salt"", ""grams"": 0.101266}, {""name"": ""vinegar"", ""grams"": 0.810127}, {""name"": ""olive oil"", ""grams"": 0.810127}, {""name"": ""garlic"", ""grams"": 0.202532}, {""name"": ""thyme"", ""grams"": 0.405063}, {""name"": ""parsley"", ""grams"": 0.405063}, {""name"": ""basil"", ""grams"": 0.405063}, {""name"": ""arugula"", ""grams"": 2.025316}, {""name"": ""brown rice"", ""grams"": 8.101266}, {""name"": ""lemon juice"", ""grams"": 0.101266}, {""name"": ""chicken thighs"", ""grams"": 81.012657}, {""name"": ""radishes"", ""grams"": 1.620253}]"
dish_1561739649,208.233551,388.0,3.843097,39.756126,8.455999,"[{""name"": ""sweet potato"", ""grams"": 84.0}, {""name"": ""broccoli"", ""grams"": 264.0}, {""name"": ""raspberries"", ""grams"": 2.580645}, {""name"": ""granola"", ""grams"": 6.451612}, {""name"": ""blackberries"", ""grams"": 2.580645}, {""name"": ""mixed greens"", ""grams"": 25.80645}, {""name"": ""vinaigrette"", ""grams"": 2.580645}]"
dish_1559846504,126.172005,233.0,0.329,32.792,1.572,"[{""name"": ""broccoli"", ""grams"": 32.0}, {""name"": ""pears"", ""grams"": 201.0}]"
dish_1551379654,230.139999,172.0,12.226,22.008001,10.314,"[{""name"": ""cantaloupe"", ""grams"": 68.0}, {""name"": ""banana"", ""grams"": 70.0}, {""name"": ""cheese"", ""grams"": 36.0}]"
dish_1558640294,42.400002,184.0,0.368,9.554,1.598,"[{""name"": ""cantaloupe"", ""grams"": 58.0}, {""name"": ""cherry tomatoes"", ""grams"": 126.0}]"
dish_1566851677,354.773834,296.0,12.628245,45.332054,16.523363,"[{""name"": ""quinoa"", ""grams"": 40.894569}, {""name"": ""broccoli"", ""grams"": 25.365854}, {""name"": ""salt"", ""grams"": 0.460064}, {""name"": ""arugula"", ""grams"": 4.089457}, {""name"": ""parsley"", ""grams"": 0.817891}, {""name"": ""lemon juice"", ""grams"": 0.102236}, {""name"": ""garlic"", ""grams"": 1.022364}, {""name"": ""olive oil"", ""grams"": 0.838619}, {""name"": ""caesar salad"", ""grams"": 137.0}, {""name"": ""thyme"", ""grams"": 0.204473}, {""name"": ""shallots"", ""grams"": 0.204473}, {""name"": ""cheese pizza"", ""grams"": 85.0}]"
dish_1550705724,148.050003,190.0,2.703,8.34,22.830002,"[{""name"": ""bell peppers"", ""grams"": 51.0}, {""name"": ""cauliflower"", ""grams"": 75.0}, {""name"": ""chicken"", ""grams"": 66.0}]"
dish_1551490819,434.032013,181.0,32.631001,7.374,27.566002,"[{""name"": ""sausage"", ""grams"": 92.0}, {""name"": ""ham"", ""grams"": 45.0}, {""name"": ""olives"", ""grams"": 45.0}]"
dish_1551322755,88.620003,177.0,0.784,22.469999,2.582,"[{""name"": ""corn"", ""grams"": 34.0}, {""name"": ""orange"", ""grams"": 79.0}, {""name"": ""lemon"", ""grams"": 65.0}]"
dish_1563381706,94.562546,49.0,4.994528,9.698151,2.747359,"[{""name"": ""yam"", ""grams"": 20.283018}, {""name"": ""sweet potato"", ""grams"": 20.283018}, {""name"": ""olive oil"", ""grams"": 2.433962}, {""name"": ""bacon"", ""grams"": 6.0}]"
dish_1551222225,155.819992,136.0,1.929,32.470001,4.608,"[{""name"": ""cucumbers"", ""grams"": 51.0}, {""name"": ""carrot"", ""grams"": 22.0}, {""name"": ""tortilla"", ""grams"": 65.0}]"
dish_1551306691,121.860001,168.0,0.72,21.153999,8.594,"[{""name"": ""bean(seed)"", ""grams"": 70.0}, {""name"": ""cauliflower"", ""grams"": 62.0}, {""name"": ""mushroom"", ""grams"": 38.0}]"
dish_1563984167,291.679993,608.0,1.216,14.184,48.288002,"[{""name"": ""egg whites"", ""grams"": 472.0}, {""name"": ""cantaloupe"", ""grams"": 136.0}]"
dish_1550711066,106.5,102.0,4.466001,8.28,8.52,"[{""name"": ""bell peppers"", ""grams"": 40.0}, {""name"": ""pineapple"", ""grams"": 36.0}, {""name"": ""beef"", ""grams"": 29.0}]"
dish_1550779058,253.919998,109.0,21.240002,7.848,11.13,"[{""name"": ""nuts"", ""grams"": 30.0}, {""name"": ""cucumbers"", ""grams"": 69.0}, {""name"": ""bacon"", ""grams"": 12.0}]"
dish_1562086564,286.809998,287.0,14.985,25.362,14.44,"[{""name"": ""fruit salad"", ""grams"": 155.0}, {""name"": ""scrambled eggs"", ""grams"": 132.0}]"
dish_1559841781,45.019997,43.0,0.411,10.49,0.866,"[{""name"": ""grapes"", ""grams"": 38.0}, {""name"": ""cereal"", ""grams"": 5.0}]"
dish_1550796330,160.079987,305.0,0.606,41.360001,1.829,"[{""name"": ""apple"", ""grams"": 131.0}, {""name"": ""orange"", ""grams"": 95.0}, {""name"": ""berries"", ""grams"": 83.0}]"
dish_1566414291,345.14212,244.0,14.794408,46.021748,7.035223,"[{""name"": ""olive oil"", ""grams"": 2.563107}, {""name"": ""roasted potatoes"", ""grams"": 156.0}, {""name"": ""quinoa"", ""grams"": 85.43689}]"
dish_1551566781,142.630005,132.0,2.962,8.96,19.308001,"[{""name"": ""carrot"", ""grams"": 14.0}, {""name"": ""oatmeal"", ""grams"": 63.0}, {""name"": ""chicken"", ""grams"": 57.0}]"
dish_1561404924,31.843937,39.0,1.244902,3.269407,2.417841,"[{""name"": ""parmesan cheese"", ""grams"": 3.177189}, {""name"": ""croutons"", ""grams"": 0.238289}, {""name"": ""caesar dressing"", ""grams"": 5.083503}, {""name"": ""kale"", ""grams"": 30.501017}]"
dish_1566934057,66.090729,193.0,5.083902,4.142439,2.82439,"[{""name"": ""bok choy"", ""grams"": 188.292694}, {""name"": ""olive oil"", ""grams"": 4.707317}]"
dish_1560443565,260.679993,475.0,0.977,65.93,2.971,"[{""name"": ""berries"", ""grams"": 204.0}, {""name"": ""honeydew melons"", ""grams"": 64.0}, {""name"": ""pineapple"", ""grams"": 113.0}, {""name"": ""grapes"", ""grams"": 94.0}]"
dish_1566501293,41.900002,56.0,2.812,4.338,0.538,"[{""name"": ""olives"", ""grams"": 26.0}, {""name"": ""onions"", ""grams"": 30.0}]"
dish_1551122914,190.139999,160.0,9.438,16.685999,10.151999,"[{""name"": ""oatmeal"", ""grams"": 129.0}, {""name"": ""bacon"", ""grams"": 18.0}, {""name"": ""mixed greens"", ""grams"": 18.0}]"
dish_1558461792,331.0,233.0,20.195999,34.499001,10.543,"[{""name"": ""grapes"", ""grams"": 127.0}, {""name"": ""spinach (raw)"", ""grams"": 5.0}, {""name"": ""cherry tomatoes"", ""grams"": 61.0}, {""name"": ""almonds"", ""grams"": 40.0}]"
dish_1551392919,76.600006,85.0,0.681,14.969999,4.324,"[{""name"": ""bean(seed)"", ""grams"": 25.0}, {""name"": ""brussels sprouts"", ""grams"": 32.0}, {""name"": ""corn"", ""grams"": 29.0}]"
dish_1563295334,228.540009,96.0,17.380001,1.492,15.540001,"[{""name"": ""bacon"", ""grams"": 22.0}, {""name"": ""scrambled eggs"", ""grams"": 74.0}]"
dish_1571945939,0.0,97.0,0.0,0.0,0.0,"[{""name"": ""celery"", ""grams"": 5.397875}, {""name"": ""shrimp"", ""grams"": 43.182999}, {""name"": ""mayonnaise"", ""grams"": 21.888382}, {""name"": ""shallots"", ""grams"": 3.823494}, {""name"": ""salt"", ""grams"": 0.031734}, {""name"": ""sourdough bread"", ""grams"": 14.470749}, {""name"": ""lemon juice"", ""grams"": 8.204769}]"
dish_1573764136,0.0,211.0,0.0,0.0,0.0,"[{""name"": ""mashed potatoes"", ""grams"": 100.476189}, {""name"": ""butter"", ""grams"": 10.047619}, {""name"": ""chard"", ""grams"": 50.238094}, {""name"": ""celery root"", ""grams"": 50.238094}]"
dish_1572031211,0.0,80.0,0.0,0.0,0.0,"[{""name"": ""olive oil"", ""grams"": 5.59789}, {""name"": ""mozzarella cheese"", ""grams"": 22.39156}, {""name"": ""basil"", ""grams"": 5.59789}, {""name"": """", ""grams"": 29.618988}, {""name"": """", ""grams"": 16.793671}]"
dish_1575997268,0.0,136.0,0.0,0.0,0.0,"[{""name"": ""scrambled eggs"", ""grams"": 71.666664}, {""name"": ""berries"", ""grams"": 47.0}, {""name"": ""grapes"", ""grams"": 3.0}, {""name"": ""salsa"", ""grams"": 14.333334}]"
dish_1572376778,0.0,120.0,0.0,0.0,0.0,"[{""name"": ""cucumbers"", ""grams"": 60.0}, {""name"": ""hummus"", ""grams"": 60.0}]"
dish_1573161475,0.0,91.0,0.0,0.0,0.0,"[{""name"": ""cauliflower"", ""grams"": 26.5541}, {""name"": ""pickles"", ""grams"": 4.539162}, {""name"": ""coleslaw"", ""grams"": 9.078324}, {""name"": ""barbecue sauce"", ""grams"": 2.269581}, {""name"": ""salt"", ""grams"": 0.032023}, {""name"": ""flatbread"", ""grams"": 48.034309}, {""name"": """", ""grams"": 0.492499}]"
dish_1571934154,0.0,288.0,0.0,0.0,0.0,"[{""name"": ""scrambled eggs"", ""grams"": 158.333328}, {""name"": ""roasted potatoes"", ""grams"": 98.0}, {""name"": ""salsa"", ""grams"": 31.666668}]"
dish_1573491330,0.0,123.0,0.0,0.0,0.0,"[{""name"": ""strawberries"", ""grams"": 53.0}, {""name"": ""egg whites"", ""grams"": 70.0}]"
dish_1573072447,0.0,196.0,0.0,0.0,0.0,"[{""name"": ""snow peas"", ""grams"": 57.0}, {""name"": ""olive oil"", ""grams"": 4.198418}, {""name"": ""mozzarella cheese"", ""grams"": 16.793671}, {""name"": ""barley"", ""grams"": 79.0}, {""name"": ""basil"", ""grams"": 4.198418}, {""name"": """", ""grams"": 22.214241}, {""name"": """", ""grams"": 12.595253}]"
dish_1576183111,0.0,34.0,0.0,0.0,0.0,"[{""name"": ""olive oil"", ""grams"": 2.379103}, {""name"": ""mozzarella cheese"", ""grams"": 9.516413}, {""name"": ""basil"", ""grams"": 2.379103}, {""name"": """", ""grams"": 12.58807}, {""name"": """", ""grams"": 7.13731}]"
dish_1574097587,0.0,118.0,0.0,0.0,0.0,"[{""name"": ""bacon"", ""grams"": 19.0}, {""name"": ""hash browns"", ""grams"": 99.0}]"
dish_1571944648,0.0,88.0,0.0,0.0,0.0,"[{""name"": ""celery"", ""grams"": 4.897041}, {""name"": ""shrimp"", ""grams"": 39.176327}, {""name"": ""mayonnaise"", ""grams"": 19.857502}, {""name"": ""shallots"", ""grams"": 3.468737}, {""name"": ""salt"", ""grams"": 0.02879}, {""name"": ""sourdough bread"", ""grams"": 13.128101}, {""name"": ""lemon juice"", ""grams"": 7.443502}]"
dish_1574193218,0.0,83.0,0.0,0.0,0.0,"[{""name"": ""potatoes"", ""grams"": 32.137241}, {""name"": ""steak"", ""grams"": 40.171551}, {""name"": ""garlic"", ""grams"": 1.771264}, {""name"": ""salt"", ""grams"": 0.177126}, {""name"": ""salsa"", ""grams"": 8.03431}, {""name"": """", ""grams"": 0.708505}]"
dish_1575478663,0.0,220.0,0.0,0.0,0.0,"[{""name"": ""scrambled eggs"", ""grams"": 132.0}, {""name"": ""hash browns"", ""grams"": 88.0}]"
dish_1573666680,0.0,125.0,0.0,0.0,0.0,"[{""name"": ""hash browns"", ""grams"": 24.992655}, {""name"": ""bell peppers"", ""grams"": 24.992655}, {""name"": ""spinach (raw)"", ""grams"": 12.496327}, {""name"": ""mushroom"", ""grams"": 12.496327}, {""name"": ""eggs"", ""grams"": 37.488979}, {""name"": ""salt"", ""grams"": 0.036733}, {""name"": """", ""grams"": 12.496327}]"
dish_1573073699,0.0,85.0,0.0,0.0,0.0,"[{""name"": ""broccoli"", ""grams"": 14.352157}, {""name"": ""olive oil"", ""grams"": 5.167257}, {""name"": ""bread crumbs"", ""grams"": 0.197757}, {""name"": ""mozzarella cheese"", ""grams"": 19.592615}, {""name"": ""salt"", ""grams"": 0.001582}, {""name"": ""jalapenos"", ""grams"": 0.179402}, {""name"": ""basil"", ""grams"": 4.898154}, {""name"": """", ""grams"": 25.916615}, {""name"": """", ""grams"": 14.694462}]"
dish_1572453962,0.0,261.0,0.0,0.0,0.0,"[{""name"": ""egg whites"", ""grams"": 217.5}, {""name"": ""salsa"", ""grams"": 43.5}]"
